artifact_path,artifact_type,first_seen_phase,created_by_tool,created_by_tool_call_id,created_by_phase_id,modified_by_tools,modified_by_tool_call_ids,phase_ids,evidence_refs
bh6rbor2k.txt bqkf91isw.txt,input,phase_28,Bash,call_f6155f0cd05d4614b22233bd,phase_28,Bash;Read;Write,call_f6155f0cd05d4614b22233bd;call_4efcb976d99e4fbfb4235b95;call_355998b25e2d4b92b013c1e6;call_0f4a60813aad43c39702f5f9;call_402a64e1fae04ac7a3d8a599;tool-720b17f5a00540738fcb2c36522a4f2c;call_c9b26af95263458d89161566;call_dde2c435372a409fad8a76f6;call_5228bfa8178f45829acf2b1a;call_5bc7fa38f24843e0bb433495;call_a31824320b004ebd94707064;call_4b2ef3319c474963b6cd5f90;call_788e0b6da1f949ffafbd3777;tool-580b452c5fa149c1ba704048c668615b;call_79817db536d1481e982f9a98,phase_28;phase_29;phase_30;phase_31;phase_32;phase_33;phase_34,.observability/snapshots/1778142222098-03574d38-567d-4d11-a307-9e0c586ad47c-response.json;.observability/snapshots/1778142234138-521986cf-0a59-4ed2-b272-c78a9ea36d35-state.snapshot.after_turn.json;.observability/snapshots/1778142249840-79324011-7a3f-45c0-9bca-6e77b4c6eef7-response.json;.observability/snapshots/1778142252856-4cfac946-4c28-4d52-adbe-0a9d4ffc6905-state.snapshot.after_turn.json;.observability/snapshots/1778142272145-9cbb7ecc-4e66-4a44-b552-7a658a8146f1-response.json;.observability/snapshots/1778142401919-3d63e6e3-fe94-48cd-8132-6a2a6c7b6192-state.snapshot.after_turn.json;.observability/snapshots/1778142640147-91873e28-fb83-422c-b42d-59db61c26d44-response.json;.observability/snapshots/1778142640270-ebd5a272-c7c4-42dc-b463-ae85e54a6563-state.snapshot.after_turn.json;.observability/snapshots/1778142825836-2e6077b6-54dd-4e6f-95de-9cda14adda25-response.json;.observability/snapshots/1778142859930-54fae757-61be-4ac1-85a1-71db68b8640c-state.snapshot.after_turn.json;.observability/snapshots/1778142903399-a16dcbaf-d257-4f41-af3d-4e71843d8a35-response.json;.observability/snapshots/1778142909530-5965bb43-d057-4fc5-ac97-250e26639d3a-state.snapshot.after_turn.json;.observability/snapshots/1778142933386-a10ee5a0-b78e-419a-9470-1fe33815156f-response.json;.observability/snapshots/1778142943121-2d8e9d0d-36f7-4d5c-96dd-c8d07e0c04c2-state.snapshot.after_turn.json;.observability/snapshots/1778143045268-89c49d42-ed7a-4163-bd99-afce07a4c810-response.json;.observability/snapshots/1778143047912-ac64d793-307b-477a-bc9e-66218426a46d-state.snapshot.after_turn.json;.observability/snapshots/1778143209034-a790c149-bdb6-46cc-92cc-45959a93ce7a-response.json;.observability/snapshots/1778143214725-fe918ecd-c85f-410e-81f4-6bc633053ce9-state.snapshot.after_turn.json;.observability/snapshots/1778143276495-81d7f227-c9eb-4a8c-80c0-1f94f566ca54-response.json;.observability/snapshots/1778143294134-f197c22b-ce7c-4fe3-9fbc-8a46cfbf9349-state.snapshot.after_turn.json;.observability/snapshots/1778143389935-f883e85f-6aaf-470b-bc4e-7fe5b5542691-response.json;.observability/snapshots/1778143412985-56c609b5-0cb6-4fee-b9eb-c70877d452ff-state.snapshot.after_turn.json;.observability/snapshots/1778143463936-4ecf8609-5c11-4d6e-a9f6-4509b74df58b-response.json;.observability/snapshots/1778143467407-f5cbcf75-3321-4f12-af5c-6df59dbb0c3e-state.snapshot.after_turn.json;.observability/snapshots/1778143585677-e519e886-9d2f-4519-86f7-fdcb80532517-response.json;.observability/snapshots/1778143617475-3c43b0df-9c14-4b52-bb0b-3c78e8e2f20d-state.snapshot.after_turn.json;.observability/snapshots/1778143665181-8b7b58d7-4bd7-4d85-a298-1f3cff30ad82-response.json;.observability/snapshots/1778143685279-56a66e32-e60f-4d2e-bb33-278aaab45b55-state.snapshot.after_turn.json;.observability/snapshots/1778143834260-45a2ea52-4f36-4c91-b642-c1922247ecda-response.json;.observability/snapshots/1778143836235-d8fd216d-9c1f-46d5-b84b-410a61e2c542-state.snapshot.after_turn.json
C:/Users/10677/.claude/projects/E--claude-code-transparent/ab169cf3-0f5f-4284-8669-ad0d0ceb0e04/tool-results/bqkf91isw.txt,input,phase_21,Read,call_e864c57d3e724d18841f7065,phase_21,Read,call_e864c57d3e724d18841f7065;call_ec88b3cf0b83476d935fbd4d;tool-01e94623eed247dd85a5632e9b7328fe,phase_21;phase_24,.observability/snapshots/1778140145692-86e05c64-782d-4d5d-bd7d-94a286cea980-response.json;.observability/snapshots/1778140145807-c068d304-9cc8-4e2c-a11d-f3d73764607e-state.snapshot.after_turn.json;.observability/snapshots/1778140213914-68f4eea4-f353-4c2a-9d06-fe8917d7c4ea-response.json;.observability/snapshots/1778140214498-f8b468f3-19d2-40ba-8474-43a3f35a5571-state.snapshot.after_turn.json;.observability/snapshots/1778141080855-baabc86f-24bb-4f80-aa2f-6d99f9a815b8-response.json;.observability/snapshots/1778141083808-8b960d78-06b2-4b0c-a244-1216c9c9d039-state.snapshot.after_turn.json
C:/Users/10677/.claude/projects/E--claude-code-transparent/ab169cf3-0f5f-4284-8669-ad0d0ceb0e04/tool-results/hj9j5w5hx.txt,input,phase_28,Read,call_2d369c0e65eb48af8deb4f36,phase_28,Read,call_2d369c0e65eb48af8deb4f36;call_5060c96c9ffe4a50a79d0fcb,phase_28,.observability/snapshots/1778142140382-269eb4e5-f8d1-4ae6-9ece-910f518cdb64-response.json;.observability/snapshots/1778142140500-8f64e9d8-4beb-41c5-abe8-347919deb5cc-state.snapshot.after_turn.json;.observability/snapshots/1778142159410-3fd0c5e8-af18-4ddf-9d3c-3d81d29747ea-response.json;.observability/snapshots/1778142159469-5483d44f-3b09-430c-9b2e-52ad47653254-state.snapshot.after_turn.json
C:/Users/10677/AppData/Local/Programs/Python/Python314/python.exe,other,phase_11,Bash,call_c94cca7f1d2b44b78b4e121f,phase_11,Bash,call_c94cca7f1d2b44b78b4e121f;call_e14b335f73e0491faa54991b;call_02c1d6c4f3f7415590826005;call_d574b8f4262b40888a198b7f;call_7bb00a9b352b4fb782f7469a;call_ceea4c98748a4d6393028077;call_dcdeff2e3954495cbed3373e;tool-79a303c9fe1740c4958e452e2b497051;call_f883ac83db9d4d018b33f127;call_702a6d8effd54968adc099ad;call_33dfe4b7d13346d4acedc431;call_f961270dea92428da2f00e12;call_0a9b5b3dfaa9449b873054d6;call_1be1d905fc5a4a5a90d97a20;call_a9fd942a1e074cd78eb1d134;call_a46d3fb5a43840749f962d4f;tool-5fb414b6b28e4c88a0249770b3b09355;call_e0458ab907ea40519bda3fae;call_c09d6068e7ce436c9fedbe79;call_af1f4f18a0334d759f152235;call_152696ab456944d8b2f8fc1b;call_b3bd38ca5e6546b68d579058;call_fe821ce87e4a4007a21d8c24;call_90178f01b69047a390d373f1;call_1ead2d7ec9dd4f2c80aac797;tool-ba93288874f9465d81a3f8b583bb8724;call_09f97b981cb6418daac088de;tool-34b6cbd835144e5cbbc403f926f5590a;call_ce53e0acda224cf28d3df10a;call_6b847800cd44422d896e4056;call_193e793d6b1347acadacdb82;call_293629a5d1f14fbbbaaa98ef;call_f6155f0cd05d4614b22233bd;call_4efcb976d99e4fbfb4235b95;call_355998b25e2d4b92b013c1e6;tool-720b17f5a00540738fcb2c36522a4f2c;call_c9b26af95263458d89161566;call_dde2c435372a409fad8a76f6;call_5bc7fa38f24843e0bb433495;call_a31824320b004ebd94707064;call_4b2ef3319c474963b6cd5f90;call_788e0b6da1f949ffafbd3777;tool-580b452c5fa149c1ba704048c668615b;call_79817db536d1481e982f9a98;call_2c20adf172bc4c71a24febe8;call_4eb58eeb28cd4f29b5ea77fe;call_422170f70f01463a9b0f4b41;call_977b6a9ed3e84212b99f9df3;call_f1c16c25292d4ad09ad9d05e;tool-34bbc4e36b37410a8d638ecff438f7e6;call_51940ba5dd6841d49b29ec70;call_fd2d62a0079c4015ae01f327;call_e8450ea59c9c4e228a5e0800;call_3aa89e75d3584d9c9cb2f274;tool-4c985a0220c446528438780fac32ec32;call_deb7b3baf3d94482a9d10012;call_631c89adce9c46f7b2c3c8f3,phase_11;phase_15;phase_16;phase_14;phase_17;phase_19;phase_22;phase_20;phase_23;phase_25;phase_27;phase_28;phase_30;phase_31;phase_33;phase_34;phase_35;phase_37;phase_38;phase_39;phase_40;phase_42;phase_43;phase_47;phase_50;phase_53;phase_56;phase_59,.observability/snapshots/1778139701966-deb7d7e6-d0ab-4b30-a513-a00dd15134eb-response.json;.observability/snapshots/1778139815462-836869db-f6e6-4cf2-a3e6-926280a0bd86-state.snapshot.after_turn.json;.observability/snapshots/1778139836065-f5a079a8-df7d-457e-a194-38e88c906f59-response.json;.observability/snapshots/1778139841737-a43fd419-e943-4c94-a9b5-2c0aff3bb7c4-state.snapshot.after_turn.json;.observability/snapshots/1778139850038-954ff62b-46bd-4463-ad33-79c33de342b5-response.json;.observability/snapshots/1778139857603-e384dc18-98a5-4dbe-830b-14c09f02e1ee-state.snapshot.after_turn.json;.observability/snapshots/1778139868243-b4473958-9627-4478-96d0-23892cb191ca-response.json;.observability/snapshots/1778139870861-74c1e9cd-f318-434a-a72e-98a7630247a1-state.snapshot.after_turn.json;.observability/snapshots/1778139869503-299d9956-dfdc-43ae-85ad-70ee9b6fcd22-response.json;.observability/snapshots/1778139875466-e8ce0cf3-6141-4591-a75d-558298e015a4-state.snapshot.after_turn.json;.observability/snapshots/1778139895664-06f3366a-4412-486f-9932-9fa7416efe18-response.json;.observability/snapshots/1778139900417-c8950205-3958-42fe-99f7-ab86475e4cee-state.snapshot.after_turn.json;.observability/snapshots/1778139949220-325a5a23-89d6-43b9-afce-52f89e44d6fe-response.json;.observability/snapshots/1778139958561-493908a5-2c65-43eb-ae41-68982a95713c-state.snapshot.after_turn.json;.observability/snapshots/1778139969724-e660e513-fabb-41d5-a7c8-89449a370a8f-response.json;.observability/snapshots/1778139974837-c1ff466e-ead5-4f16-9ca6-f7f8334898ff-state.snapshot.after_turn.json;.observability/snapshots/1778140014505-03360d31-2a6d-400f-bec0-c412b4c3b7ce-response.json;.observability/snapshots/1778140127308-38d7b1fc-dde3-4780-a05b-315723d0fee9-state.snapshot.after_turn.json;.observability/snapshots/1778140017262-01b0f876-5d26-4fae-bf10-a25b9f1aaf73-response.json;.observability/snapshots/1778140128077-9ebdb2b3-471e-4dd4-a7d2-4df9875640ae-state.snapshot.after_turn.json;.observability/snapshots/1778140038881-e54a13f4-a1f3-4db0-ab09-c893459f7925-response.json;.observability/snapshots/1778140132122-1b7ec477-5370-4dce-a375-21dc7e278ff7-state.snapshot.after_turn.json;.observability/snapshots/1778140164734-7971da8d-e141-416b-a034-770a27466a6b-response.json;.observability/snapshots/1778140271714-53ed705d-0cde-4d24-983b-131f9170fff9-state.snapshot.after_turn.json;.observability/snapshots/1778140225198-952f3b64-e978-44f2-ab63-9b4500ed905c-response.json;.observability/snapshots/1778140584873-21126b51-880a-48b1-be10-8ef6b835fd25-state.snapshot.after_turn.json;.observability/snapshots/1778140284089-40a646ed-0756-4bb8-98c1-6cae2cd1a836-response.json;.observability/snapshots/1778140584826-539621dd-6d99-4b1d-9f5a-379c81e24352-state.snapshot.after_turn.json;.observability/snapshots/1778140311936-db1394da-f665-4d89-8228-f7882afeb559-response.json;.observability/snapshots/1778140588709-013149ac-bc0b-443e-b531-32d98d0ba554-state.snapshot.after_turn.json;.observability/snapshots/1778140618667-4bc83df6-cb00-49fc-bdc4-aea8db1379fc-response.json;.observability/snapshots/1778140646782-ecb841dc-0918-40f6-8d06-845643a593a8-state.snapshot.after_turn.json;.observability/snapshots/1778140626856-1617c24c-0c4c-428c-8885-9400ea628c6b-response.json;.observability/snapshots/1778140649659-d99516e0-845f-48b5-bae6-71972e1fde2c-state.snapshot.after_turn.json;.observability/snapshots/1778140668435-0fc157c3-7977-4fac-866e-42ce6e3b659d-response.json;.observability/snapshots/1778140736580-1d73a972-56d9-460b-9ba0-1d6bcfa57465-state.snapshot.after_turn.json;.observability/snapshots/1778140679687-254f969f-7e76-4735-81b8-67f54f73bdd5-response.json;.observability/snapshots/1778140738980-5332a975-3161-46d8-95ab-cd1ffcaa7fa1-state.snapshot.after_turn.json;.observability/snapshots/1778140772322-c82479fd-b8b4-411f-a47c-eb8ab50b379b-response.json;.observability/snapshots/1778140800653-fbc8e602-dc9b-460a-a256-bd21e28923ea-state.snapshot.after_turn.json;.observability/snapshots/1778140817615-22cea3f6-71d2-4d6e-9673-53a60e0d093b-response.json;.observability/snapshots/1778140901413-cab2fee0-5cb6-46e7-a06d-3309cc0285fe-state.snapshot.after_turn.json;.observability/snapshots/1778140821960-224fa356-53f0-4966-b4a8-c2bdbca2e047-response.json;.observability/snapshots/1778140902759-36d51942-8242-4958-aa32-04bc0ac0cb31-state.snapshot.after_turn.json;.observability/snapshots/1778140957846-8e6c4488-39a8-4920-a553-38758ab47a06-response.json;.observability/snapshots/1778140965930-2e7996a8-baa4-48e1-8478-b78b9f8da24e-state.snapshot.after_turn.json;.observability/snapshots/1778140967418-ff6db9b6-2bde-4e7e-b424-b233f5e05675-response.json;.observability/snapshots/1778141059611-9d1d4a95-b607-433c-9828-50da9861d06b-state.snapshot.after_turn.json;.observability/snapshots/1778141109854-d28109a7-4661-478d-bd59-7af8d73c4e47-response.json;.observability/snapshots/1778141127073-3da83e02-27f5-47d1-9cbb-43622946a441-state.snapshot.after_turn.json;.observability/snapshots/1778141144053-56324ba8-9a37-4fb9-9614-9e2f13f4d870-response.json;.observability/snapshots/1778141253514-8e2584c8-ff80-48cb-9b00-119afdde9fce-state.snapshot.after_turn.json;.observability/snapshots/1778141155218-04936a94-3c55-4063-ae4f-2fd453729ebc-response.json;.observability/snapshots/1778141354674-7bdcd0e7-f32b-4180-92b9-07a3cedc819d-state.snapshot.after_turn.json;.observability/snapshots/1778141420533-7c180ad4-3b21-4bb7-8ebf-fa4c8a493473-response.json;.observability/snapshots/1778141444563-364bc714-c11c-4872-858d-414493f5fa86-state.snapshot.after_turn.json;.observability/snapshots/1778141783661-b1b4676b-fef8-48ab-b357-937e925057fd-response.json;.observability/snapshots/1778141829334-a200246c-c10c-427a-a97f-2bc05c131542-state.snapshot.after_turn.json;.observability/snapshots/1778141863697-24cea26f-c067-4dbf-be33-f9a89d373de2-response.json;.observability/snapshots/1778141877395-22750973-9e59-44be-9aae-e8d2fb4bd8e0-state.snapshot.after_turn.json;.observability/snapshots/1778141911341-bd68a9b0-ecdd-485d-a22e-05944f0b2eb3-response.json;.observability/snapshots/1778141970284-e255f5be-0115-4fa4-a8dd-54f9e73b4299-state.snapshot.after_turn.json;.observability/snapshots/1778142022271-ba50e98e-2f1c-4b47-9b8a-f9372093263e-response.json;.observability/snapshots/1778142025463-1889ebc3-7fc2-42f3-8df0-801fd1d76947-state.snapshot.after_turn.json;.observability/snapshots/1778142222098-03574d38-567d-4d11-a307-9e0c586ad47c-response.json;.observability/snapshots/1778142234138-521986cf-0a59-4ed2-b272-c78a9ea36d35-state.snapshot.after_turn.json;.observability/snapshots/1778142249840-79324011-7a3f-45c0-9bca-6e77b4c6eef7-response.json;.observability/snapshots/1778142252856-4cfac946-4c28-4d52-adbe-0a9d4ffc6905-state.snapshot.after_turn.json;.observability/snapshots/1778142272145-9cbb7ecc-4e66-4a44-b552-7a658a8146f1-response.json;.observability/snapshots/1778142401919-3d63e6e3-fe94-48cd-8132-6a2a6c7b6192-state.snapshot.after_turn.json;.observability/snapshots/1778142903399-a16dcbaf-d257-4f41-af3d-4e71843d8a35-response.json;.observability/snapshots/1778142909530-5965bb43-d057-4fc5-ac97-250e26639d3a-state.snapshot.after_turn.json;.observability/snapshots/1778142933386-a10ee5a0-b78e-419a-9470-1fe33815156f-response.json;.observability/snapshots/1778142943121-2d8e9d0d-36f7-4d5c-96dd-c8d07e0c04c2-state.snapshot.after_turn.json;.observability/snapshots/1778143045268-89c49d42-ed7a-4163-bd99-afce07a4c810-response.json;.observability/snapshots/1778143047912-ac64d793-307b-477a-bc9e-66218426a46d-state.snapshot.after_turn.json;.observability/snapshots/1778143276495-81d7f227-c9eb-4a8c-80c0-1f94f566ca54-response.json;.observability/snapshots/1778143294134-f197c22b-ce7c-4fe3-9fbc-8a46cfbf9349-state.snapshot.after_turn.json;.observability/snapshots/1778143389935-f883e85f-6aaf-470b-bc4e-7fe5b5542691-response.json;.observability/snapshots/1778143412985-56c609b5-0cb6-4fee-b9eb-c70877d452ff-state.snapshot.after_turn.json;.observability/snapshots/1778143463936-4ecf8609-5c11-4d6e-a9f6-4509b74df58b-response.json;.observability/snapshots/1778143467407-f5cbcf75-3321-4f12-af5c-6df59dbb0c3e-state.snapshot.after_turn.json;.observability/snapshots/1778143585677-e519e886-9d2f-4519-86f7-fdcb80532517-response.json;.observability/snapshots/1778143617475-3c43b0df-9c14-4b52-bb0b-3c78e8e2f20d-state.snapshot.after_turn.json;.observability/snapshots/1778143665181-8b7b58d7-4bd7-4d85-a298-1f3cff30ad82-response.json;.observability/snapshots/1778143685279-56a66e32-e60f-4d2e-bb33-278aaab45b55-state.snapshot.after_turn.json;.observability/snapshots/1778143834260-45a2ea52-4f36-4c91-b642-c1922247ecda-response.json;.observability/snapshots/1778143836235-d8fd216d-9c1f-46d5-b84b-410a61e2c542-state.snapshot.after_turn.json;.observability/snapshots/1778143988574-a0bf2dc8-958e-4204-9c15-fcaac03aea11-response.json;.observability/snapshots/1778144131250-4e57dc8f-9e99-494c-a30e-e3031921dfdd-state.snapshot.after_turn.json;.observability/snapshots/1778144330154-68772fa3-2755-417c-828b-b89b2344a37a-response.json;.observability/snapshots/1778144344845-fb0a222a-dc4d-4d16-a3a2-98fced58902c-state.snapshot.after_turn.json;.observability/snapshots/1778144362354-3ab54cb0-cfe6-4ec3-8127-80c5dbe724a5-response.json;.observability/snapshots/1778144363119-56819a75-74b0-4102-bc5a-506792846c2d-state.snapshot.after_turn.json;.observability/snapshots/1778144371871-00452624-4e29-448f-87a3-ec23d7dc73a5-response.json;.observability/snapshots/1778144387562-02d30188-c758-4636-bab6-1d6fa26f8cbb-state.snapshot.after_turn.json;.observability/snapshots/1778144476808-1e6d49ff-357d-4b21-84bd-1f26bab8f648-response.json;.observability/snapshots/1778144479374-841aeda1-3bf4-49e9-96db-2d19592f05da-state.snapshot.after_turn.json;.observability/snapshots/1778144498909-24dfdc3e-8551-46d4-83bb-b9ee94585e0c-response.json;.observability/snapshots/1778144503466-41266dc8-677c-4a10-bd6d-ff542d384e2c-state.snapshot.after_turn.json;.observability/snapshots/1778144551364-bf1fde7e-36d2-416c-b5af-5854200040de-response.json;.observability/snapshots/1778144552269-9070a9e8-8f58-4dac-b686-a55a2171b5d3-state.snapshot.after_turn.json;.observability/snapshots/1778144568492-82f2afc4-b224-46b0-bd92-d0735d40da04-response.json;.observability/snapshots/1778144711345-1dae7d9b-fd3a-490b-b958-9f50f0aaad79-state.snapshot.after_turn.json;.observability/snapshots/1778144932614-44c65d6a-58b7-4729-80cf-323d03ab39b0-response.json;.observability/snapshots/1778145303250-40299ad8-90c8-46d3-8632-84f9517a55ea-state.snapshot.after_turn.json;.observability/snapshots/1778145370136-e6e12b9e-56aa-4bd2-8b9e-14c7a382dbb6-response.json;.observability/snapshots/1778145376358-d080c1ac-b089-4a2d-aa0c-633c11b11ca1-state.snapshot.after_turn.json;.observability/snapshots/1778145553914-9837e093-7d3d-4f47-91c4-2288c6fa69bc-response.json;.observability/snapshots/1778145557029-4bfe43c6-2077-424b-b8d9-f4bf2d0cb2d9-state.snapshot.after_turn.json;.observability/snapshots/1778145634920-5080de80-3beb-4f8b-9818-bf576284a294-response.json;.observability/snapshots/1778145641650-700dbf6c-6c08-494d-aae2-155d26b1cf12-state.snapshot.after_turn.json;.observability/snapshots/1778145743433-42b158e5-5cb4-4c26-a9d7-13510d3ebc27-response.json;.observability/snapshots/1778145749928-646c9f99-95e0-4d74-875a-cbf92ec21aa1-state.snapshot.after_turn.json
C:/Users/10677/Desktop/叶先圆的答辩PPT(2).pptx,input,phase_02,Agent,call_f6e607e7c6554c8d91402667,phase_02,Agent;Bash;Edit,call_f6e607e7c6554c8d91402667;call_fc354700d02a4313b73f6836;call_02c1d6c4f3f7415590826005;call_ceea4c98748a4d6393028077;tool-79a303c9fe1740c4958e452e2b497051;call_702a6d8effd54968adc099ad;call_a46d3fb5a43840749f962d4f;call_c09d6068e7ce436c9fedbe79;call_af1f4f18a0334d759f152235;tool-34b6cbd835144e5cbbc403f926f5590a;call_193e793d6b1347acadacdb82;call_293629a5d1f14fbbbaaa98ef;call_f6155f0cd05d4614b22233bd;call_4efcb976d99e4fbfb4235b95;call_355998b25e2d4b92b013c1e6;call_79817db536d1481e982f9a98;tool-34bbc4e36b37410a8d638ecff438f7e6;tool-c94e1ce4154149c78a4e604dadf39872,phase_02;phase_09;phase_16;phase_19;phase_22;phase_25;phase_28;phase_34;phase_40;phase_49,.observability/snapshots/1778139407813-5fda5da9-50d2-4129-b6e4-dec72e913488-response.json;.observability/snapshots/1778139567429-13574da2-20d3-457b-a181-dcb383f7abe5-response.json;.observability/snapshots/1778139633940-f9279486-a655-4462-8222-8225a109ebe7-state.snapshot.after_turn.json;.observability/snapshots/1778139850038-954ff62b-46bd-4463-ad33-79c33de342b5-response.json;.observability/snapshots/1778139857603-e384dc18-98a5-4dbe-830b-14c09f02e1ee-state.snapshot.after_turn.json;.observability/snapshots/1778139895664-06f3366a-4412-486f-9932-9fa7416efe18-response.json;.observability/snapshots/1778139900417-c8950205-3958-42fe-99f7-ab86475e4cee-state.snapshot.after_turn.json;.observability/snapshots/1778139969724-e660e513-fabb-41d5-a7c8-89449a370a8f-response.json;.observability/snapshots/1778139974837-c1ff466e-ead5-4f16-9ca6-f7f8334898ff-state.snapshot.after_turn.json;.observability/snapshots/1778140017262-01b0f876-5d26-4fae-bf10-a25b9f1aaf73-response.json;.observability/snapshots/1778140128077-9ebdb2b3-471e-4dd4-a7d2-4df9875640ae-state.snapshot.after_turn.json;.observability/snapshots/1778140618667-4bc83df6-cb00-49fc-bdc4-aea8db1379fc-response.json;.observability/snapshots/1778140646782-ecb841dc-0918-40f6-8d06-845643a593a8-state.snapshot.after_turn.json;.observability/snapshots/1778140679687-254f969f-7e76-4735-81b8-67f54f73bdd5-response.json;.observability/snapshots/1778140738980-5332a975-3161-46d8-95ab-cd1ffcaa7fa1-state.snapshot.after_turn.json;.observability/snapshots/1778140772322-c82479fd-b8b4-411f-a47c-eb8ab50b379b-response.json;.observability/snapshots/1778140800653-fbc8e602-dc9b-460a-a256-bd21e28923ea-state.snapshot.after_turn.json;.observability/snapshots/1778141420533-7c180ad4-3b21-4bb7-8ebf-fa4c8a493473-response.json;.observability/snapshots/1778141444563-364bc714-c11c-4872-858d-414493f5fa86-state.snapshot.after_turn.json;.observability/snapshots/1778141911341-bd68a9b0-ecdd-485d-a22e-05944f0b2eb3-response.json;.observability/snapshots/1778141970284-e255f5be-0115-4fa4-a8dd-54f9e73b4299-state.snapshot.after_turn.json;.observability/snapshots/1778142022271-ba50e98e-2f1c-4b47-9b8a-f9372093263e-response.json;.observability/snapshots/1778142025463-1889ebc3-7fc2-42f3-8df0-801fd1d76947-state.snapshot.after_turn.json;.observability/snapshots/1778142222098-03574d38-567d-4d11-a307-9e0c586ad47c-response.json;.observability/snapshots/1778142234138-521986cf-0a59-4ed2-b272-c78a9ea36d35-state.snapshot.after_turn.json;.observability/snapshots/1778142249840-79324011-7a3f-45c0-9bca-6e77b4c6eef7-response.json;.observability/snapshots/1778142252856-4cfac946-4c28-4d52-adbe-0a9d4ffc6905-state.snapshot.after_turn.json;.observability/snapshots/1778142272145-9cbb7ecc-4e66-4a44-b552-7a658a8146f1-response.json;.observability/snapshots/1778142401919-3d63e6e3-fe94-48cd-8132-6a2a6c7b6192-state.snapshot.after_turn.json;.observability/snapshots/1778143834260-45a2ea52-4f36-4c91-b642-c1922247ecda-response.json;.observability/snapshots/1778143836235-d8fd216d-9c1f-46d5-b84b-410a61e2c542-state.snapshot.after_turn.json;.observability/snapshots/1778144498909-24dfdc3e-8551-46d4-83bb-b9ee94585e0c-response.json;.observability/snapshots/1778144503466-41266dc8-677c-4a10-bd6d-ff542d384e2c-state.snapshot.after_turn.json;.observability/snapshots/1778145357935-21f03f59-08dd-4f03-9886-b306ccf4846c-response.json;.observability/snapshots/1778145357984-a05e034e-0cc6-4796-8d40-3e07e6522c19-state.snapshot.after_turn.json
C:/Users/10677/Desktop/张舒宁-毕业论文-盲审版.docx,input,phase_02,Agent,call_2bbe65c4fb4549c28bf0d2b4,phase_02,Agent;Bash,call_2bbe65c4fb4549c28bf0d2b4;call_2024bf98e64a4c96b0049c59;call_efdea30790d7437f807ba88b;call_f1b1ff68b05f49fe9d63c44b;call_d642bb625c084cbb8a257580;call_7bb00a9b352b4fb782f7469a;call_dcdeff2e3954495cbed3373e;call_f883ac83db9d4d018b33f127;call_33dfe4b7d13346d4acedc431;call_f961270dea92428da2f00e12;call_0a9b5b3dfaa9449b873054d6;call_a9fd942a1e074cd78eb1d134;tool-5fb414b6b28e4c88a0249770b3b09355;call_e0458ab907ea40519bda3fae;call_152696ab456944d8b2f8fc1b;call_b3bd38ca5e6546b68d579058;call_fe821ce87e4a4007a21d8c24;call_90178f01b69047a390d373f1;call_1ead2d7ec9dd4f2c80aac797;tool-ba93288874f9465d81a3f8b583bb8724;call_09f97b981cb6418daac088de,phase_02;phase_07;phase_08;phase_13;phase_15;phase_17;phase_22;phase_23;phase_25,.observability/snapshots/1778139407813-5fda5da9-50d2-4129-b6e4-dec72e913488-response.json;.observability/snapshots/1778139543798-9f4c6ebb-0805-477b-b2a6-dae83800ed8d-response.json;.observability/snapshots/1778139632133-a61931ef-d70f-4590-9e94-3abc2506cca3-state.snapshot.after_turn.json;.observability/snapshots/1778139546708-78f44ab6-5a22-4604-9a32-48d1e2fe8cdb-response.json;.observability/snapshots/1778139632145-077f5e91-6237-4c8c-b35b-16198b110d53-state.snapshot.after_turn.json;.observability/snapshots/1778139648245-3569f601-6c51-43f7-be22-73eb455c5dcd-response.json;.observability/snapshots/1778139648502-3f1e016e-a760-49dc-9eb5-4cbf6b0fef05-state.snapshot.after_turn.json;.observability/snapshots/1778139696088-952162e6-72fd-484f-ace4-92dab822d2e0-response.json;.observability/snapshots/1778139812364-a428ab03-fab6-4811-ba08-8642c103ce2b-state.snapshot.after_turn.json;.observability/snapshots/1778139869503-299d9956-dfdc-43ae-85ad-70ee9b6fcd22-response.json;.observability/snapshots/1778139875466-e8ce0cf3-6141-4591-a75d-558298e015a4-state.snapshot.after_turn.json;.observability/snapshots/1778139949220-325a5a23-89d6-43b9-afce-52f89e44d6fe-response.json;.observability/snapshots/1778139958561-493908a5-2c65-43eb-ae41-68982a95713c-state.snapshot.after_turn.json;.observability/snapshots/1778140014505-03360d31-2a6d-400f-bec0-c412b4c3b7ce-response.json;.observability/snapshots/1778140127308-38d7b1fc-dde3-4780-a05b-315723d0fee9-state.snapshot.after_turn.json;.observability/snapshots/1778140038881-e54a13f4-a1f3-4db0-ab09-c893459f7925-response.json;.observability/snapshots/1778140132122-1b7ec477-5370-4dce-a375-21dc7e278ff7-state.snapshot.after_turn.json;.observability/snapshots/1778140164734-7971da8d-e141-416b-a034-770a27466a6b-response.json;.observability/snapshots/1778140271714-53ed705d-0cde-4d24-983b-131f9170fff9-state.snapshot.after_turn.json;.observability/snapshots/1778140225198-952f3b64-e978-44f2-ab63-9b4500ed905c-response.json;.observability/snapshots/1778140584873-21126b51-880a-48b1-be10-8ef6b835fd25-state.snapshot.after_turn.json;.observability/snapshots/1778140311936-db1394da-f665-4d89-8228-f7882afeb559-response.json;.observability/snapshots/1778140588709-013149ac-bc0b-443e-b531-32d98d0ba554-state.snapshot.after_turn.json;.observability/snapshots/1778140626856-1617c24c-0c4c-428c-8885-9400ea628c6b-response.json;.observability/snapshots/1778140649659-d99516e0-845f-48b5-bae6-71972e1fde2c-state.snapshot.after_turn.json;.observability/snapshots/1778140668435-0fc157c3-7977-4fac-866e-42ce6e3b659d-response.json;.observability/snapshots/1778140736580-1d73a972-56d9-460b-9ba0-1d6bcfa57465-state.snapshot.after_turn.json;.observability/snapshots/1778140817615-22cea3f6-71d2-4d6e-9673-53a60e0d093b-response.json;.observability/snapshots/1778140901413-cab2fee0-5cb6-46e7-a06d-3309cc0285fe-state.snapshot.after_turn.json;.observability/snapshots/1778140821960-224fa356-53f0-4966-b4a8-c2bdbca2e047-response.json;.observability/snapshots/1778140902759-36d51942-8242-4958-aa32-04bc0ac0cb31-state.snapshot.after_turn.json;.observability/snapshots/1778140957846-8e6c4488-39a8-4920-a553-38758ab47a06-response.json;.observability/snapshots/1778140965930-2e7996a8-baa4-48e1-8478-b78b9f8da24e-state.snapshot.after_turn.json;.observability/snapshots/1778140967418-ff6db9b6-2bde-4e7e-b424-b233f5e05675-response.json;.observability/snapshots/1778141059611-9d1d4a95-b607-433c-9828-50da9861d06b-state.snapshot.after_turn.json;.observability/snapshots/1778141109854-d28109a7-4661-478d-bd59-7af8d73c4e47-response.json;.observability/snapshots/1778141127073-3da83e02-27f5-47d1-9cbb-43622946a441-state.snapshot.after_turn.json;.observability/snapshots/1778141144053-56324ba8-9a37-4fb9-9614-9e2f13f4d870-response.json;.observability/snapshots/1778141253514-8e2584c8-ff80-48cb-9b00-119afdde9fce-state.snapshot.after_turn.json;.observability/snapshots/1778141155218-04936a94-3c55-4063-ae4f-2fd453729ebc-response.json;.observability/snapshots/1778141354674-7bdcd0e7-f32b-4180-92b9-07a3cedc819d-state.snapshot.after_turn.json
C:/Users/10677/Desktop/张舒宁答辩PPT_final.pptx,script,phase_34,Bash,call_79817db536d1481e982f9a98,phase_34,Bash;Edit,call_79817db536d1481e982f9a98;call_2c20adf172bc4c71a24febe8;tool-c196554021ec491d86e9f05d1fd10ecb,phase_34;phase_35;phase_41,.observability/snapshots/1778143834260-45a2ea52-4f36-4c91-b642-c1922247ecda-response.json;.observability/snapshots/1778143836235-d8fd216d-9c1f-46d5-b84b-410a61e2c542-state.snapshot.after_turn.json;.observability/snapshots/1778143988574-a0bf2dc8-958e-4204-9c15-fcaac03aea11-response.json;.observability/snapshots/1778144131250-4e57dc8f-9e99-494c-a30e-e3031921dfdd-state.snapshot.after_turn.json;.observability/snapshots/1778144533760-673296bc-7abc-465c-a425-3f61041b787b-response.json;.observability/snapshots/1778144537567-4a3d45e9-e2bd-4006-973b-17a4c109bef7-state.snapshot.after_turn.json
C:/Users/10677/Desktop/张舒宁答辩PPT_v4.pptx,script,phase_40,Bash,tool-34bbc4e36b37410a8d638ecff438f7e6,phase_40,Bash;Edit;Read;TaskUpdate,tool-34bbc4e36b37410a8d638ecff438f7e6;tool-c196554021ec491d86e9f05d1fd10ecb;call_749aa97225694d9ab5cf198f;tool-be66b0b107cb4c07a234cf1145e4c051;call_e8450ea59c9c4e228a5e0800;call_041e2788dae6459ea49b749d;tool-c94e1ce4154149c78a4e604dadf39872;call_3aa89e75d3584d9c9cb2f274;call_eed32a794e8240db9a2a32d3;call_eb4ccaf2dd214383a829b913;call_ee08395efd5642cf83140576;call_e24cb96ef4154acaab552bf8;tool-4c985a0220c446528438780fac32ec32;call_46ec8638205f489ebe0b60c6;tool-75643d166e374fd5896bdba91d97d9f3;call_deb7b3baf3d94482a9d10012;call_2c473480d3534eb5acfd3f74;call_22cbaabfa2ba438792d9c0eb;call_631c89adce9c46f7b2c3c8f3;tool-73e6ac189d024eae9c75ad497bb3ffa8;call_4ee386978e2f493caaa7251f;tool-fa715323bb7d4fb48c9126af2abb3f31;call_725c3481d8b34c788f93f7c3,phase_40;phase_41;phase_45;phase_46;phase_47;phase_48;phase_49;phase_50;phase_51;phase_52;phase_53;phase_54;phase_55;phase_56;phase_57;phase_58;phase_59;phase_60,.observability/snapshots/1778144498909-24dfdc3e-8551-46d4-83bb-b9ee94585e0c-response.json;.observability/snapshots/1778144503466-41266dc8-677c-4a10-bd6d-ff542d384e2c-state.snapshot.after_turn.json;.observability/snapshots/1778144533760-673296bc-7abc-465c-a425-3f61041b787b-response.json;.observability/snapshots/1778144537567-4a3d45e9-e2bd-4006-973b-17a4c109bef7-state.snapshot.after_turn.json;.observability/snapshots/1778144748907-df9bdcb1-be0b-49db-a5b8-25d93f9c1b79-response.json;.observability/snapshots/1778144749394-315eb4d7-9740-4d66-b7c7-e0cfcd3123c0-state.snapshot.after_turn.json;.observability/snapshots/1778144786789-970c9a24-0ec3-423b-8dba-f444ea357ee2-response.json;.observability/snapshots/1778144900478-7c384bbc-cba9-446d-8a85-29d638d6fd3a-state.snapshot.after_turn.json;.observability/snapshots/1778144932614-44c65d6a-58b7-4729-80cf-323d03ab39b0-response.json;.observability/snapshots/1778145303250-40299ad8-90c8-46d3-8632-84f9517a55ea-state.snapshot.after_turn.json;.observability/snapshots/1778145315626-ea51e0e0-d74e-46a2-835a-c3250b70ae26-response.json;.observability/snapshots/1778145315795-5c960483-ea08-43da-b448-7b8fc836872e-state.snapshot.after_turn.json;.observability/snapshots/1778145357935-21f03f59-08dd-4f03-9886-b306ccf4846c-response.json;.observability/snapshots/1778145357984-a05e034e-0cc6-4796-8d40-3e07e6522c19-state.snapshot.after_turn.json;.observability/snapshots/1778145370136-e6e12b9e-56aa-4bd2-8b9e-14c7a382dbb6-response.json;.observability/snapshots/1778145376358-d080c1ac-b089-4a2d-aa0c-633c11b11ca1-state.snapshot.after_turn.json;.observability/snapshots/1778145397484-e669d796-a608-43c4-9bc3-93c586c9bd69-response.json;.observability/snapshots/1778145397637-fd801ca3-f711-437d-8125-fc1070355d09-state.snapshot.after_turn.json;.observability/snapshots/1778145483602-07ff36e5-cc31-4889-ac9b-e335ea9fe963-response.json;.observability/snapshots/1778145483762-47060d3a-16a4-4cd5-b7bd-eb5b59f9c630-state.snapshot.after_turn.json;.observability/snapshots/1778145513854-6381f48a-b294-4c38-8cd1-5dc3a1c60a93-response.json;.observability/snapshots/1778145514062-b41b3803-bb16-4936-8173-189a26f3d9c5-state.snapshot.after_turn.json;.observability/snapshots/1778145530664-759dacca-d286-41b5-a5fd-14ba99c59378-response.json;.observability/snapshots/1778145530836-0f8e1f24-4c5e-41ec-84d0-9393d944d7ae-state.snapshot.after_turn.json;.observability/snapshots/1778145553914-9837e093-7d3d-4f47-91c4-2288c6fa69bc-response.json;.observability/snapshots/1778145557029-4bfe43c6-2077-424b-b8d9-f4bf2d0cb2d9-state.snapshot.after_turn.json;.observability/snapshots/1778145575313-dce935b2-0157-45dd-b9e7-98bfeb63e194-response.json;.observability/snapshots/1778145575566-8356821c-0e7f-4cbb-a7b7-e67bea5ba871-state.snapshot.after_turn.json;.observability/snapshots/1778145622742-2da33976-2911-4a2c-986c-efde7ca7cc5e-response.json;.observability/snapshots/1778145622888-ce540dcf-a3cc-4121-a968-2967d9445f7c-state.snapshot.after_turn.json;.observability/snapshots/1778145634920-5080de80-3beb-4f8b-9818-bf576284a294-response.json;.observability/snapshots/1778145641650-700dbf6c-6c08-494d-aae2-155d26b1cf12-state.snapshot.after_turn.json;.observability/snapshots/1778145669452-8ccbc10b-7ce6-4dd9-8ebc-1307469fd78b-response.json;.observability/snapshots/1778145669563-8b1b58fe-484c-46c7-ab64-8f26e5037866-state.snapshot.after_turn.json;.observability/snapshots/1778145722637-d1753ea4-4631-4489-a803-fb1c491f4088-response.json;.observability/snapshots/1778145722718-be77cec3-992b-444c-823b-cadd424f3532-state.snapshot.after_turn.json;.observability/snapshots/1778145743433-42b158e5-5cb4-4c26-a9d7-13510d3ebc27-response.json;.observability/snapshots/1778145749928-646c9f99-95e0-4d74-875a-cbf92ec21aa1-state.snapshot.after_turn.json;.observability/snapshots/1778145812607-aa564465-dc7e-4fa8-90e9-7970079bbc79-response.json;.observability/snapshots/1778145812802-b176d630-a552-4f3d-8941-b26c07b25c21-state.snapshot.after_turn.json;.observability/snapshots/1778145823690-6c1c8f2a-5a4a-44da-9701-a2d9849992b2-response.json;.observability/snapshots/1778145823785-cf2ec2d3-f849-49a3-9341-ebff8bbf0d2e-state.snapshot.after_turn.json;.observability/snapshots/1778145853351-e22b20f3-7ffd-4f9b-975d-071746f4908d-response.json;.observability/snapshots/1778145853501-7a06ed05-6e2c-45a1-9df0-41077352245c-state.snapshot.after_turn.json;.observability/snapshots/1778145879926-1700adf3-f7cf-46ad-9106-61ae4a141e1d-response.json;.observability/snapshots/1778145880191-0de03739-89af-4416-a8ef-7d8dbe037f76-state.snapshot.after_turn.json
C:/Users/10677/Desktop/张舒宁答辩PPT.pptx,final,phase_25,Bash,tool-34b6cbd835144e5cbbc403f926f5590a,phase_25,Bash;Write;Read,tool-34b6cbd835144e5cbbc403f926f5590a;call_7a6cb697d1ef430ca3811b74;call_ce53e0acda224cf28d3df10a;call_6b847800cd44422d896e4056;call_193e793d6b1347acadacdb82;call_293629a5d1f14fbbbaaa98ef;call_2d369c0e65eb48af8deb4f36;call_5060c96c9ffe4a50a79d0fcb;tool-9a95c458a61a490db42c4290eb978f56;call_f6155f0cd05d4614b22233bd;call_4efcb976d99e4fbfb4235b95;call_355998b25e2d4b92b013c1e6;call_0f4a60813aad43c39702f5f9;call_402a64e1fae04ac7a3d8a599;tool-720b17f5a00540738fcb2c36522a4f2c;call_c9b26af95263458d89161566;call_dde2c435372a409fad8a76f6;call_5228bfa8178f45829acf2b1a;call_5bc7fa38f24843e0bb433495;call_a31824320b004ebd94707064;call_4b2ef3319c474963b6cd5f90;call_788e0b6da1f949ffafbd3777;tool-580b452c5fa149c1ba704048c668615b;call_79817db536d1481e982f9a98,phase_25;phase_26;phase_27;phase_28;phase_29;phase_30;phase_31;phase_32;phase_33;phase_34,.observability/snapshots/1778141420533-7c180ad4-3b21-4bb7-8ebf-fa4c8a493473-response.json;.observability/snapshots/1778141444563-364bc714-c11c-4872-858d-414493f5fa86-state.snapshot.after_turn.json;.observability/snapshots/1778141732123-8b23ef7f-e8d5-4dbf-926d-1b1ad6a01a55-response.json;.observability/snapshots/1778141763438-8b01ac25-cb81-4580-8a08-790e2e69c967-state.snapshot.after_turn.json;.observability/snapshots/1778141783661-b1b4676b-fef8-48ab-b357-937e925057fd-response.json;.observability/snapshots/1778141829334-a200246c-c10c-427a-a97f-2bc05c131542-state.snapshot.after_turn.json;.observability/snapshots/1778141863697-24cea26f-c067-4dbf-be33-f9a89d373de2-response.json;.observability/snapshots/1778141877395-22750973-9e59-44be-9aae-e8d2fb4bd8e0-state.snapshot.after_turn.json;.observability/snapshots/1778141911341-bd68a9b0-ecdd-485d-a22e-05944f0b2eb3-response.json;.observability/snapshots/1778141970284-e255f5be-0115-4fa4-a8dd-54f9e73b4299-state.snapshot.after_turn.json;.observability/snapshots/1778142022271-ba50e98e-2f1c-4b47-9b8a-f9372093263e-response.json;.observability/snapshots/1778142025463-1889ebc3-7fc2-42f3-8df0-801fd1d76947-state.snapshot.after_turn.json;.observability/snapshots/1778142140382-269eb4e5-f8d1-4ae6-9ece-910f518cdb64-response.json;.observability/snapshots/1778142140500-8f64e9d8-4beb-41c5-abe8-347919deb5cc-state.snapshot.after_turn.json;.observability/snapshots/1778142159410-3fd0c5e8-af18-4ddf-9d3c-3d81d29747ea-response.json;.observability/snapshots/1778142159469-5483d44f-3b09-430c-9b2e-52ad47653254-state.snapshot.after_turn.json;.observability/snapshots/1778142200907-d7f1e8f2-1dde-4b05-9e15-ededd9646755-response.json;.observability/snapshots/1778142202898-391aa0e1-9b74-43af-b971-9b9e0bc718b9-state.snapshot.after_turn.json;.observability/snapshots/1778142222098-03574d38-567d-4d11-a307-9e0c586ad47c-response.json;.observability/snapshots/1778142234138-521986cf-0a59-4ed2-b272-c78a9ea36d35-state.snapshot.after_turn.json;.observability/snapshots/1778142249840-79324011-7a3f-45c0-9bca-6e77b4c6eef7-response.json;.observability/snapshots/1778142252856-4cfac946-4c28-4d52-adbe-0a9d4ffc6905-state.snapshot.after_turn.json;.observability/snapshots/1778142272145-9cbb7ecc-4e66-4a44-b552-7a658a8146f1-response.json;.observability/snapshots/1778142401919-3d63e6e3-fe94-48cd-8132-6a2a6c7b6192-state.snapshot.after_turn.json;.observability/snapshots/1778142640147-91873e28-fb83-422c-b42d-59db61c26d44-response.json;.observability/snapshots/1778142640270-ebd5a272-c7c4-42dc-b463-ae85e54a6563-state.snapshot.after_turn.json;.observability/snapshots/1778142825836-2e6077b6-54dd-4e6f-95de-9cda14adda25-response.json;.observability/snapshots/1778142859930-54fae757-61be-4ac1-85a1-71db68b8640c-state.snapshot.after_turn.json;.observability/snapshots/1778142903399-a16dcbaf-d257-4f41-af3d-4e71843d8a35-response.json;.observability/snapshots/1778142909530-5965bb43-d057-4fc5-ac97-250e26639d3a-state.snapshot.after_turn.json;.observability/snapshots/1778142933386-a10ee5a0-b78e-419a-9470-1fe33815156f-response.json;.observability/snapshots/1778142943121-2d8e9d0d-36f7-4d5c-96dd-c8d07e0c04c2-state.snapshot.after_turn.json;.observability/snapshots/1778143045268-89c49d42-ed7a-4163-bd99-afce07a4c810-response.json;.observability/snapshots/1778143047912-ac64d793-307b-477a-bc9e-66218426a46d-state.snapshot.after_turn.json;.observability/snapshots/1778143209034-a790c149-bdb6-46cc-92cc-45959a93ce7a-response.json;.observability/snapshots/1778143214725-fe918ecd-c85f-410e-81f4-6bc633053ce9-state.snapshot.after_turn.json;.observability/snapshots/1778143276495-81d7f227-c9eb-4a8c-80c0-1f94f566ca54-response.json;.observability/snapshots/1778143294134-f197c22b-ce7c-4fe3-9fbc-8a46cfbf9349-state.snapshot.after_turn.json;.observability/snapshots/1778143389935-f883e85f-6aaf-470b-bc4e-7fe5b5542691-response.json;.observability/snapshots/1778143412985-56c609b5-0cb6-4fee-b9eb-c70877d452ff-state.snapshot.after_turn.json;.observability/snapshots/1778143463936-4ecf8609-5c11-4d6e-a9f6-4509b74df58b-response.json;.observability/snapshots/1778143467407-f5cbcf75-3321-4f12-af5c-6df59dbb0c3e-state.snapshot.after_turn.json;.observability/snapshots/1778143585677-e519e886-9d2f-4519-86f7-fdcb80532517-response.json;.observability/snapshots/1778143617475-3c43b0df-9c14-4b52-bb0b-3c78e8e2f20d-state.snapshot.after_turn.json;.observability/snapshots/1778143665181-8b7b58d7-4bd7-4d85-a298-1f3cff30ad82-response.json;.observability/snapshots/1778143685279-56a66e32-e60f-4d2e-bb33-278aaab45b55-state.snapshot.after_turn.json;.observability/snapshots/1778143834260-45a2ea52-4f36-4c91-b642-c1922247ecda-response.json;.observability/snapshots/1778143836235-d8fd216d-9c1f-46d5-b84b-410a61e2c542-state.snapshot.after_turn.json
C:/Users/10677/Desktop/generate_ppt_final.py,script,phase_36,Write,call_712f9eedf884412a829384cf,phase_36,Write;Bash;Edit;Read;TaskUpdate,call_712f9eedf884412a829384cf;call_4eb58eeb28cd4f29b5ea77fe;call_422170f70f01463a9b0f4b41;tool-c196554021ec491d86e9f05d1fd10ecb;call_51940ba5dd6841d49b29ec70;call_fd2d62a0079c4015ae01f327;call_74bb5362debb4c1596ac0b09;call_749aa97225694d9ab5cf198f;tool-be66b0b107cb4c07a234cf1145e4c051;call_e8450ea59c9c4e228a5e0800;call_041e2788dae6459ea49b749d;tool-c94e1ce4154149c78a4e604dadf39872;call_3aa89e75d3584d9c9cb2f274;call_eed32a794e8240db9a2a32d3;call_eb4ccaf2dd214383a829b913;call_ee08395efd5642cf83140576;call_e24cb96ef4154acaab552bf8;tool-4c985a0220c446528438780fac32ec32;call_46ec8638205f489ebe0b60c6;tool-75643d166e374fd5896bdba91d97d9f3;call_deb7b3baf3d94482a9d10012;call_2c473480d3534eb5acfd3f74;call_22cbaabfa2ba438792d9c0eb;call_631c89adce9c46f7b2c3c8f3;tool-73e6ac189d024eae9c75ad497bb3ffa8;call_4ee386978e2f493caaa7251f;tool-fa715323bb7d4fb48c9126af2abb3f31;call_725c3481d8b34c788f93f7c3,phase_36;phase_37;phase_38;phase_41;phase_42;phase_43;phase_44;phase_45;phase_46;phase_47;phase_48;phase_49;phase_50;phase_51;phase_52;phase_53;phase_54;phase_55;phase_56;phase_57;phase_58;phase_59;phase_60,.observability/snapshots/1778144274070-187dd019-b2e0-4bd1-a3e6-5b2f6c04b549-response.json;.observability/snapshots/1778144316378-c0fb332d-4fea-4d26-9e33-c3d05f169ca2-state.snapshot.after_turn.json;.observability/snapshots/1778144330154-68772fa3-2755-417c-828b-b89b2344a37a-response.json;.observability/snapshots/1778144344845-fb0a222a-dc4d-4d16-a3a2-98fced58902c-state.snapshot.after_turn.json;.observability/snapshots/1778144362354-3ab54cb0-cfe6-4ec3-8127-80c5dbe724a5-response.json;.observability/snapshots/1778144363119-56819a75-74b0-4102-bc5a-506792846c2d-state.snapshot.after_turn.json;.observability/snapshots/1778144533760-673296bc-7abc-465c-a425-3f61041b787b-response.json;.observability/snapshots/1778144537567-4a3d45e9-e2bd-4006-973b-17a4c109bef7-state.snapshot.after_turn.json;.observability/snapshots/1778144551364-bf1fde7e-36d2-416c-b5af-5854200040de-response.json;.observability/snapshots/1778144552269-9070a9e8-8f58-4dac-b686-a55a2171b5d3-state.snapshot.after_turn.json;.observability/snapshots/1778144568492-82f2afc4-b224-46b0-bd92-d0735d40da04-response.json;.observability/snapshots/1778144711345-1dae7d9b-fd3a-490b-b958-9f50f0aaad79-state.snapshot.after_turn.json;.observability/snapshots/1778144734518-e6b96bc1-c455-4597-9d1c-7e08f9bf0f41-response.json;.observability/snapshots/1778144734623-23075182-3730-4d56-ba4f-ec619dd72f47-state.snapshot.after_turn.json;.observability/snapshots/1778144748907-df9bdcb1-be0b-49db-a5b8-25d93f9c1b79-response.json;.observability/snapshots/1778144749394-315eb4d7-9740-4d66-b7c7-e0cfcd3123c0-state.snapshot.after_turn.json;.observability/snapshots/1778144786789-970c9a24-0ec3-423b-8dba-f444ea357ee2-response.json;.observability/snapshots/1778144900478-7c384bbc-cba9-446d-8a85-29d638d6fd3a-state.snapshot.after_turn.json;.observability/snapshots/1778144932614-44c65d6a-58b7-4729-80cf-323d03ab39b0-response.json;.observability/snapshots/1778145303250-40299ad8-90c8-46d3-8632-84f9517a55ea-state.snapshot.after_turn.json;.observability/snapshots/1778145315626-ea51e0e0-d74e-46a2-835a-c3250b70ae26-response.json;.observability/snapshots/1778145315795-5c960483-ea08-43da-b448-7b8fc836872e-state.snapshot.after_turn.json;.observability/snapshots/1778145357935-21f03f59-08dd-4f03-9886-b306ccf4846c-response.json;.observability/snapshots/1778145357984-a05e034e-0cc6-4796-8d40-3e07e6522c19-state.snapshot.after_turn.json;.observability/snapshots/1778145370136-e6e12b9e-56aa-4bd2-8b9e-14c7a382dbb6-response.json;.observability/snapshots/1778145376358-d080c1ac-b089-4a2d-aa0c-633c11b11ca1-state.snapshot.after_turn.json;.observability/snapshots/1778145397484-e669d796-a608-43c4-9bc3-93c586c9bd69-response.json;.observability/snapshots/1778145397637-fd801ca3-f711-437d-8125-fc1070355d09-state.snapshot.after_turn.json;.observability/snapshots/1778145483602-07ff36e5-cc31-4889-ac9b-e335ea9fe963-response.json;.observability/snapshots/1778145483762-47060d3a-16a4-4cd5-b7bd-eb5b59f9c630-state.snapshot.after_turn.json;.observability/snapshots/1778145513854-6381f48a-b294-4c38-8cd1-5dc3a1c60a93-response.json;.observability/snapshots/1778145514062-b41b3803-bb16-4936-8173-189a26f3d9c5-state.snapshot.after_turn.json;.observability/snapshots/1778145530664-759dacca-d286-41b5-a5fd-14ba99c59378-response.json;.observability/snapshots/1778145530836-0f8e1f24-4c5e-41ec-84d0-9393d944d7ae-state.snapshot.after_turn.json;.observability/snapshots/1778145553914-9837e093-7d3d-4f47-91c4-2288c6fa69bc-response.json;.observability/snapshots/1778145557029-4bfe43c6-2077-424b-b8d9-f4bf2d0cb2d9-state.snapshot.after_turn.json;.observability/snapshots/1778145575313-dce935b2-0157-45dd-b9e7-98bfeb63e194-response.json;.observability/snapshots/1778145575566-8356821c-0e7f-4cbb-a7b7-e67bea5ba871-state.snapshot.after_turn.json;.observability/snapshots/1778145622742-2da33976-2911-4a2c-986c-efde7ca7cc5e-response.json;.observability/snapshots/1778145622888-ce540dcf-a3cc-4121-a968-2967d9445f7c-state.snapshot.after_turn.json;.observability/snapshots/1778145634920-5080de80-3beb-4f8b-9818-bf576284a294-response.json;.observability/snapshots/1778145641650-700dbf6c-6c08-494d-aae2-155d26b1cf12-state.snapshot.after_turn.json;.observability/snapshots/1778145669452-8ccbc10b-7ce6-4dd9-8ebc-1307469fd78b-response.json;.observability/snapshots/1778145669563-8b1b58fe-484c-46c7-ab64-8f26e5037866-state.snapshot.after_turn.json;.observability/snapshots/1778145722637-d1753ea4-4631-4489-a803-fb1c491f4088-response.json;.observability/snapshots/1778145722718-be77cec3-992b-444c-823b-cadd424f3532-state.snapshot.after_turn.json;.observability/snapshots/1778145743433-42b158e5-5cb4-4c26-a9d7-13510d3ebc27-response.json;.observability/snapshots/1778145749928-646c9f99-95e0-4d74-875a-cbf92ec21aa1-state.snapshot.after_turn.json;.observability/snapshots/1778145812607-aa564465-dc7e-4fa8-90e9-7970079bbc79-response.json;.observability/snapshots/1778145812802-b176d630-a552-4f3d-8941-b26c07b25c21-state.snapshot.after_turn.json;.observability/snapshots/1778145823690-6c1c8f2a-5a4a-44da-9701-a2d9849992b2-response.json;.observability/snapshots/1778145823785-cf2ec2d3-f849-49a3-9341-ebff8bbf0d2e-state.snapshot.after_turn.json;.observability/snapshots/1778145853351-e22b20f3-7ffd-4f9b-975d-071746f4908d-response.json;.observability/snapshots/1778145853501-7a06ed05-6e2c-45a1-9df0-41077352245c-state.snapshot.after_turn.json;.observability/snapshots/1778145879926-1700adf3-f7cf-46ad-9106-61ae4a141e1d-response.json;.observability/snapshots/1778145880191-0de03739-89af-4416-a8ef-7d8dbe037f76-state.snapshot.after_turn.json
C:/Users/10677/Desktop/generate_ppt_v2.py,script,phase_29,Write,call_402a64e1fae04ac7a3d8a599,phase_29,Write;Bash,call_402a64e1fae04ac7a3d8a599;tool-720b17f5a00540738fcb2c36522a4f2c,phase_29;phase_30,.observability/snapshots/1778142825836-2e6077b6-54dd-4e6f-95de-9cda14adda25-response.json;.observability/snapshots/1778142859930-54fae757-61be-4ac1-85a1-71db68b8640c-state.snapshot.after_turn.json;.observability/snapshots/1778142903399-a16dcbaf-d257-4f41-af3d-4e71843d8a35-response.json;.observability/snapshots/1778142909530-5965bb43-d057-4fc5-ac97-250e26639d3a-state.snapshot.after_turn.json
C:/Users/10677/Desktop/generate_ppt_v3.py,script,phase_32,Write,call_5228bfa8178f45829acf2b1a,phase_32,Write;Bash,call_5228bfa8178f45829acf2b1a;call_5bc7fa38f24843e0bb433495,phase_32;phase_33,.observability/snapshots/1778143209034-a790c149-bdb6-46cc-92cc-45959a93ce7a-response.json;.observability/snapshots/1778143214725-fe918ecd-c85f-410e-81f4-6bc633053ce9-state.snapshot.after_turn.json;.observability/snapshots/1778143276495-81d7f227-c9eb-4a8c-80c0-1f94f566ca54-response.json;.observability/snapshots/1778143294134-f197c22b-ce7c-4fe3-9fbc-8a46cfbf9349-state.snapshot.after_turn.json
C:/Users/10677/Desktop/generate_ppt.py,script,phase_26,Write,call_7a6cb697d1ef430ca3811b74,phase_26,Write;Bash,call_7a6cb697d1ef430ca3811b74;call_ce53e0acda224cf28d3df10a,phase_26;phase_27,.observability/snapshots/1778141732123-8b23ef7f-e8d5-4dbf-926d-1b1ad6a01a55-response.json;.observability/snapshots/1778141763438-8b01ac25-cb81-4580-8a08-790e2e69c967-state.snapshot.after_turn.json;.observability/snapshots/1778141783661-b1b4676b-fef8-48ab-b357-937e925057fd-response.json;.observability/snapshots/1778141829334-a200246c-c10c-427a-a97f-2bc05c131542-state.snapshot.after_turn.json
C:/Users/10677/Desktop/ppt_analysis.txt,intermediate,phase_16,Bash,tool-79a303c9fe1740c4958e452e2b497051,phase_16,Bash;Read,tool-79a303c9fe1740c4958e452e2b497051;call_44d11e700649454dbe9a61be;call_702a6d8effd54968adc099ad;call_266faa737d964dc2b1015685;call_d169185f9af540c197e22408;call_1be1d905fc5a4a5a90d97a20,phase_16;phase_18;phase_19;phase_20,.observability/snapshots/1778139969724-e660e513-fabb-41d5-a7c8-89449a370a8f-response.json;.observability/snapshots/1778139974837-c1ff466e-ead5-4f16-9ca6-f7f8334898ff-state.snapshot.after_turn.json;.observability/snapshots/1778139998800-ae55a7af-828a-4271-a6f0-8da1b1293900-response.json;.observability/snapshots/1778139998933-539e8de2-954a-47a3-ac6a-009b16a7638c-state.snapshot.after_turn.json;.observability/snapshots/1778140017262-01b0f876-5d26-4fae-bf10-a25b9f1aaf73-response.json;.observability/snapshots/1778140128077-9ebdb2b3-471e-4dd4-a7d2-4df9875640ae-state.snapshot.after_turn.json;.observability/snapshots/1778140145374-b3e3d408-ffa8-47b0-bc91-da3046cee1aa-response.json;.observability/snapshots/1778140146780-f18cfb67-92f2-40d7-a600-afcb69816448-state.snapshot.after_turn.json;.observability/snapshots/1778140158538-95f9a387-af64-4786-a441-61f4acd5134b-response.json;.observability/snapshots/1778140269781-ce1455a9-ad11-4268-89b9-e04e8e8e2758-state.snapshot.after_turn.json;.observability/snapshots/1778140284089-40a646ed-0756-4bb8-98c1-6cae2cd1a836-response.json;.observability/snapshots/1778140584826-539621dd-6d99-4b1d-9f5a-379c81e24352-state.snapshot.after_turn.json
C:/Users/10677/Desktop/ppt_output.txt,input,phase_43,Bash,call_fd2d62a0079c4015ae01f327,phase_43,Bash;Read;Edit;TaskUpdate,call_fd2d62a0079c4015ae01f327;call_74bb5362debb4c1596ac0b09;call_749aa97225694d9ab5cf198f;tool-be66b0b107cb4c07a234cf1145e4c051;call_e8450ea59c9c4e228a5e0800;call_041e2788dae6459ea49b749d;tool-c94e1ce4154149c78a4e604dadf39872;call_3aa89e75d3584d9c9cb2f274;call_eed32a794e8240db9a2a32d3;call_eb4ccaf2dd214383a829b913;call_ee08395efd5642cf83140576;call_e24cb96ef4154acaab552bf8;tool-4c985a0220c446528438780fac32ec32;call_46ec8638205f489ebe0b60c6;tool-75643d166e374fd5896bdba91d97d9f3;call_deb7b3baf3d94482a9d10012;call_2c473480d3534eb5acfd3f74;call_22cbaabfa2ba438792d9c0eb;call_631c89adce9c46f7b2c3c8f3;tool-73e6ac189d024eae9c75ad497bb3ffa8;call_4ee386978e2f493caaa7251f;tool-fa715323bb7d4fb48c9126af2abb3f31;call_725c3481d8b34c788f93f7c3,phase_43;phase_44;phase_45;phase_46;phase_47;phase_48;phase_49;phase_50;phase_51;phase_52;phase_53;phase_54;phase_55;phase_56;phase_57;phase_58;phase_59;phase_60,.observability/snapshots/1778144568492-82f2afc4-b224-46b0-bd92-d0735d40da04-response.json;.observability/snapshots/1778144711345-1dae7d9b-fd3a-490b-b958-9f50f0aaad79-state.snapshot.after_turn.json;.observability/snapshots/1778144734518-e6b96bc1-c455-4597-9d1c-7e08f9bf0f41-response.json;.observability/snapshots/1778144734623-23075182-3730-4d56-ba4f-ec619dd72f47-state.snapshot.after_turn.json;.observability/snapshots/1778144748907-df9bdcb1-be0b-49db-a5b8-25d93f9c1b79-response.json;.observability/snapshots/1778144749394-315eb4d7-9740-4d66-b7c7-e0cfcd3123c0-state.snapshot.after_turn.json;.observability/snapshots/1778144786789-970c9a24-0ec3-423b-8dba-f444ea357ee2-response.json;.observability/snapshots/1778144900478-7c384bbc-cba9-446d-8a85-29d638d6fd3a-state.snapshot.after_turn.json;.observability/snapshots/1778144932614-44c65d6a-58b7-4729-80cf-323d03ab39b0-response.json;.observability/snapshots/1778145303250-40299ad8-90c8-46d3-8632-84f9517a55ea-state.snapshot.after_turn.json;.observability/snapshots/1778145315626-ea51e0e0-d74e-46a2-835a-c3250b70ae26-response.json;.observability/snapshots/1778145315795-5c960483-ea08-43da-b448-7b8fc836872e-state.snapshot.after_turn.json;.observability/snapshots/1778145357935-21f03f59-08dd-4f03-9886-b306ccf4846c-response.json;.observability/snapshots/1778145357984-a05e034e-0cc6-4796-8d40-3e07e6522c19-state.snapshot.after_turn.json;.observability/snapshots/1778145370136-e6e12b9e-56aa-4bd2-8b9e-14c7a382dbb6-response.json;.observability/snapshots/1778145376358-d080c1ac-b089-4a2d-aa0c-633c11b11ca1-state.snapshot.after_turn.json;.observability/snapshots/1778145397484-e669d796-a608-43c4-9bc3-93c586c9bd69-response.json;.observability/snapshots/1778145397637-fd801ca3-f711-437d-8125-fc1070355d09-state.snapshot.after_turn.json;.observability/snapshots/1778145483602-07ff36e5-cc31-4889-ac9b-e335ea9fe963-response.json;.observability/snapshots/1778145483762-47060d3a-16a4-4cd5-b7bd-eb5b59f9c630-state.snapshot.after_turn.json;.observability/snapshots/1778145513854-6381f48a-b294-4c38-8cd1-5dc3a1c60a93-response.json;.observability/snapshots/1778145514062-b41b3803-bb16-4936-8173-189a26f3d9c5-state.snapshot.after_turn.json;.observability/snapshots/1778145530664-759dacca-d286-41b5-a5fd-14ba99c59378-response.json;.observability/snapshots/1778145530836-0f8e1f24-4c5e-41ec-84d0-9393d944d7ae-state.snapshot.after_turn.json;.observability/snapshots/1778145553914-9837e093-7d3d-4f47-91c4-2288c6fa69bc-response.json;.observability/snapshots/1778145557029-4bfe43c6-2077-424b-b8d9-f4bf2d0cb2d9-state.snapshot.after_turn.json;.observability/snapshots/1778145575313-dce935b2-0157-45dd-b9e7-98bfeb63e194-response.json;.observability/snapshots/1778145575566-8356821c-0e7f-4cbb-a7b7-e67bea5ba871-state.snapshot.after_turn.json;.observability/snapshots/1778145622742-2da33976-2911-4a2c-986c-efde7ca7cc5e-response.json;.observability/snapshots/1778145622888-ce540dcf-a3cc-4121-a968-2967d9445f7c-state.snapshot.after_turn.json;.observability/snapshots/1778145634920-5080de80-3beb-4f8b-9818-bf576284a294-response.json;.observability/snapshots/1778145641650-700dbf6c-6c08-494d-aae2-155d26b1cf12-state.snapshot.after_turn.json;.observability/snapshots/1778145669452-8ccbc10b-7ce6-4dd9-8ebc-1307469fd78b-response.json;.observability/snapshots/1778145669563-8b1b58fe-484c-46c7-ab64-8f26e5037866-state.snapshot.after_turn.json;.observability/snapshots/1778145722637-d1753ea4-4631-4489-a803-fb1c491f4088-response.json;.observability/snapshots/1778145722718-be77cec3-992b-444c-823b-cadd424f3532-state.snapshot.after_turn.json;.observability/snapshots/1778145743433-42b158e5-5cb4-4c26-a9d7-13510d3ebc27-response.json;.observability/snapshots/1778145749928-646c9f99-95e0-4d74-875a-cbf92ec21aa1-state.snapshot.after_turn.json;.observability/snapshots/1778145812607-aa564465-dc7e-4fa8-90e9-7970079bbc79-response.json;.observability/snapshots/1778145812802-b176d630-a552-4f3d-8941-b26c07b25c21-state.snapshot.after_turn.json;.observability/snapshots/1778145823690-6c1c8f2a-5a4a-44da-9701-a2d9849992b2-response.json;.observability/snapshots/1778145823785-cf2ec2d3-f849-49a3-9341-ebff8bbf0d2e-state.snapshot.after_turn.json;.observability/snapshots/1778145853351-e22b20f3-7ffd-4f9b-975d-071746f4908d-response.json;.observability/snapshots/1778145853501-7a06ed05-6e2c-45a1-9df0-41077352245c-state.snapshot.after_turn.json;.observability/snapshots/1778145879926-1700adf3-f7cf-46ad-9106-61ae4a141e1d-response.json;.observability/snapshots/1778145880191-0de03739-89af-4416-a8ef-7d8dbe037f76-state.snapshot.after_turn.json
C:/Users/10677/Desktop/PPT制作对齐样本.txt,input,phase_01,Read,call_cf5231ea4e8d445dbf1b8f12,phase_01,Read,call_cf5231ea4e8d445dbf1b8f12;call_0f4a60813aad43c39702f5f9,phase_01;phase_28,.observability/snapshots/1778139367106-aef0d55a-25f9-40e6-b328-ca6ca68ed4f6-response.json;.observability/snapshots/1778142640147-91873e28-fb83-422c-b42d-59db61c26d44-response.json;.observability/snapshots/1778142640270-ebd5a272-c7c4-42dc-b463-ae85e54a6563-state.snapshot.after_turn.json
C:/Users/10677/Desktop/thesis_ch12.txt,input,phase_23,Bash,tool-ba93288874f9465d81a3f8b583bb8724,phase_23,Bash;Read,tool-ba93288874f9465d81a3f8b583bb8724;call_dcb6ab29918a41c9b85bd271,phase_23,.observability/snapshots/1778141144053-56324ba8-9a37-4fb9-9614-9e2f13f4d870-response.json;.observability/snapshots/1778141253514-8e2584c8-ff80-48cb-9b00-119afdde9fce-state.snapshot.after_turn.json;.observability/snapshots/1778141291721-b4c82ceb-4bd1-4495-90b0-013e9d6bb84f-response.json;.observability/snapshots/1778141291746-bbf468d1-b1e2-4b8c-882c-5eb1f312b329-state.snapshot.after_turn.json
C:/Users/10677/Desktop/thesis_ch3_detail.txt,input,phase_23,Bash,call_fe821ce87e4a4007a21d8c24,phase_23,Bash;Read,call_fe821ce87e4a4007a21d8c24;call_cf3e482b392246608d4fcd37,phase_23,.observability/snapshots/1778140957846-8e6c4488-39a8-4920-a553-38758ab47a06-response.json;.observability/snapshots/1778140965930-2e7996a8-baa4-48e1-8478-b78b9f8da24e-state.snapshot.after_turn.json;.observability/snapshots/1778140971633-83dd6d69-7f2e-4020-a346-f379f50a385e-response.json;.observability/snapshots/1778140971682-b4965e66-304a-49e4-997f-e9fc3323eceb-state.snapshot.after_turn.json
C:/Users/10677/Desktop/thesis_ch345.txt,input,phase_23,Bash,call_152696ab456944d8b2f8fc1b,phase_23,Bash;Read,call_152696ab456944d8b2f8fc1b;call_ea230f00276240f7a400c0f5,phase_23,.observability/snapshots/1778140817615-22cea3f6-71d2-4d6e-9673-53a60e0d093b-response.json;.observability/snapshots/1778140901413-cab2fee0-5cb6-46e7-a06d-3309cc0285fe-state.snapshot.after_turn.json;.observability/snapshots/1778140940788-6e7fe1a0-7a04-4723-b348-2c36e1cc48f4-response.json;.observability/snapshots/1778140940825-97c11196-ca05-46aa-bfe2-ce7ae9a7e5bf-state.snapshot.after_turn.json
C:/Users/10677/Desktop/thesis_ch4_detail.txt,input,phase_23,Bash,call_fe821ce87e4a4007a21d8c24,phase_23,Bash;Read,call_fe821ce87e4a4007a21d8c24;call_8eba49dc8ebd47c29264f498,phase_23,.observability/snapshots/1778140957846-8e6c4488-39a8-4920-a553-38758ab47a06-response.json;.observability/snapshots/1778140965930-2e7996a8-baa4-48e1-8478-b78b9f8da24e-state.snapshot.after_turn.json;.observability/snapshots/1778140992844-1cf2871b-fa47-45ea-8e74-d8bf7561d908-response.json;.observability/snapshots/1778140992865-50303c46-c90d-4241-9990-70963f075593-state.snapshot.after_turn.json
C:/Users/10677/Desktop/thesis_ch5_detail.txt,input,phase_23,Bash,call_fe821ce87e4a4007a21d8c24,phase_23,Bash;Read,call_fe821ce87e4a4007a21d8c24;call_8249f9b189874ef49fb56ead,phase_23,.observability/snapshots/1778140957846-8e6c4488-39a8-4920-a553-38758ab47a06-response.json;.observability/snapshots/1778140965930-2e7996a8-baa4-48e1-8478-b78b9f8da24e-state.snapshot.after_turn.json;.observability/snapshots/1778141068582-b7986be7-6bb1-45fa-ac37-8f66cd0d48e8-response.json;.observability/snapshots/1778141068600-661a97f8-92b3-4c35-b212-d0dbc13c76a7-state.snapshot.after_turn.json
C:/Users/10677/Desktop/thesis_conclusion.txt,input,phase_15,Bash,call_f961270dea92428da2f00e12,phase_15,Bash;Read,call_f961270dea92428da2f00e12;call_2c290fe4b317459eb989eee0;call_5ea44258f9f64c1e96db6a64,phase_15;phase_23,.observability/snapshots/1778140164734-7971da8d-e141-416b-a034-770a27466a6b-response.json;.observability/snapshots/1778140271714-53ed705d-0cde-4d24-983b-131f9170fff9-state.snapshot.after_turn.json;.observability/snapshots/1778140282736-3c456bf9-40cb-4102-9219-fe7a5a2dddae-response.json;.observability/snapshots/1778140282881-9c090692-a3fa-49cf-977a-a8409f4331eb-state.snapshot.after_turn.json;.observability/snapshots/1778141079254-3e6acec8-bb81-45b3-8dde-8547951d6cda-response.json;.observability/snapshots/1778141079270-7822b273-3f89-4d2e-9ec9-7e25a0f480c8-state.snapshot.after_turn.json
C:/Users/10677/Desktop/thesis_extract.txt,intermediate,phase_07,Bash,call_2024bf98e64a4c96b0049c59,phase_07,Bash;Read,call_2024bf98e64a4c96b0049c59;call_f1b1ff68b05f49fe9d63c44b;call_7bb00a9b352b4fb782f7469a;call_1cdb271cdc624196a33b8007;call_1992c5b44c3143ee99a87095;call_cce14af3416b4b4caab834a5;call_39c6efa76f5a4071b2ea04d2,phase_07;phase_15;phase_23,.observability/snapshots/1778139543798-9f4c6ebb-0805-477b-b2a6-dae83800ed8d-response.json;.observability/snapshots/1778139632133-a61931ef-d70f-4590-9e94-3abc2506cca3-state.snapshot.after_turn.json;.observability/snapshots/1778139648245-3569f601-6c51-43f7-be22-73eb455c5dcd-response.json;.observability/snapshots/1778139648502-3f1e016e-a760-49dc-9eb5-4cbf6b0fef05-state.snapshot.after_turn.json;.observability/snapshots/1778139869503-299d9956-dfdc-43ae-85ad-70ee9b6fcd22-response.json;.observability/snapshots/1778139875466-e8ce0cf3-6141-4591-a75d-558298e015a4-state.snapshot.after_turn.json;.observability/snapshots/1778139946720-e185eb2f-2e0a-47a7-99f8-ae109fca364e-response.json;.observability/snapshots/1778139946741-9e59ac6b-641d-4ce4-b706-a7b49c873e04-state.snapshot.after_turn.json;.observability/snapshots/1778139975162-5b8f6044-d88f-4551-9e21-7ccc6ef7223a-response.json;.observability/snapshots/1778139975454-0054b1a2-0228-4059-9acb-c2d1eeca84bb-state.snapshot.after_turn.json;.observability/snapshots/1778140014103-21d2cce5-b597-4931-89ce-333b71d28415-response.json;.observability/snapshots/1778140014137-6328235a-8277-44d7-a0da-408201e2e814-state.snapshot.after_turn.json;.observability/snapshots/1778141108018-be2aa3b8-3f02-4e3b-a8f2-6971226ebc62-response.json;.observability/snapshots/1778141108037-47b5c0d7-0bc5-4697-8488-df859300a218-state.snapshot.after_turn.json
C:/Users/10677/Desktop/thesis_structure.txt,input,phase_15,Bash,call_33dfe4b7d13346d4acedc431,phase_15,Bash;Read,call_33dfe4b7d13346d4acedc431;tool-b898f4aa4a544305a1f706e05ab172f4,phase_15,.observability/snapshots/1778140038881-e54a13f4-a1f3-4db0-ab09-c893459f7925-response.json;.observability/snapshots/1778140132122-1b7ec477-5370-4dce-a375-21dc7e278ff7-state.snapshot.after_turn.json;.observability/snapshots/1778140150316-00f77289-5a54-4737-b75b-2b9e2c0ccdfb-response.json;.observability/snapshots/1778140150337-2cfbceee-a52a-46e1-b94b-12bf7ef2dfae-state.snapshot.after_turn.json
C:/Users/10677/Desktop/zsn_ppt.pptx,final,phase_40,Bash,tool-34bbc4e36b37410a8d638ecff438f7e6,phase_40,Bash,tool-34bbc4e36b37410a8d638ecff438f7e6,phase_40,.observability/snapshots/1778144498909-24dfdc3e-8551-46d4-83bb-b9ee94585e0c-response.json;.observability/snapshots/1778144503466-41266dc8-677c-4a10-bd6d-ff542d384e2c-state.snapshot.after_turn.json
img_001.png,media,phase_22,TaskCreate,tool-cd3395448e3b409482c66fa17f2a991f,phase_22,TaskCreate;TaskUpdate;Bash;Read;Write,tool-cd3395448e3b409482c66fa17f2a991f;call_dca1813de10e446eae2e209f;call_90178f01b69047a390d373f1;tool-01e94623eed247dd85a5632e9b7328fe;call_1ead2d7ec9dd4f2c80aac797;call_09f97b981cb6418daac088de;tool-34b6cbd835144e5cbbc403f926f5590a;call_7a6cb697d1ef430ca3811b74;call_ce53e0acda224cf28d3df10a;call_6b847800cd44422d896e4056;call_193e793d6b1347acadacdb82;call_293629a5d1f14fbbbaaa98ef;call_2d369c0e65eb48af8deb4f36;call_5060c96c9ffe4a50a79d0fcb;tool-9a95c458a61a490db42c4290eb978f56;call_f6155f0cd05d4614b22233bd;call_4efcb976d99e4fbfb4235b95;call_355998b25e2d4b92b013c1e6;call_0f4a60813aad43c39702f5f9;call_402a64e1fae04ac7a3d8a599;tool-720b17f5a00540738fcb2c36522a4f2c;call_c9b26af95263458d89161566;call_dde2c435372a409fad8a76f6;call_5228bfa8178f45829acf2b1a;call_5bc7fa38f24843e0bb433495;call_a31824320b004ebd94707064;call_4b2ef3319c474963b6cd5f90;call_788e0b6da1f949ffafbd3777;tool-580b452c5fa149c1ba704048c668615b;call_79817db536d1481e982f9a98,phase_22;phase_24;phase_25;phase_26;phase_27;phase_28;phase_29;phase_30;phase_31;phase_32;phase_33;phase_34,.observability/snapshots/1778140939408-a93f010c-326b-44d2-8729-1ba1e16efbcd-response.json;.observability/snapshots/1778140939465-cb741ecf-ae78-417b-a33d-4255c1b9b84f-state.snapshot.after_turn.json;.observability/snapshots/1778140954964-39a9c1df-8e99-4dd7-89c2-f9909b26af88-response.json;.observability/snapshots/1778140955090-0195298f-7119-4c29-bb01-81e381ffe0a0-state.snapshot.after_turn.json;.observability/snapshots/1778140967418-ff6db9b6-2bde-4e7e-b424-b233f5e05675-response.json;.observability/snapshots/1778141059611-9d1d4a95-b607-433c-9828-50da9861d06b-state.snapshot.after_turn.json;.observability/snapshots/1778141080855-baabc86f-24bb-4f80-aa2f-6d99f9a815b8-response.json;.observability/snapshots/1778141083808-8b960d78-06b2-4b0c-a244-1216c9c9d039-state.snapshot.after_turn.json;.observability/snapshots/1778141109854-d28109a7-4661-478d-bd59-7af8d73c4e47-response.json;.observability/snapshots/1778141127073-3da83e02-27f5-47d1-9cbb-43622946a441-state.snapshot.after_turn.json;.observability/snapshots/1778141155218-04936a94-3c55-4063-ae4f-2fd453729ebc-response.json;.observability/snapshots/1778141354674-7bdcd0e7-f32b-4180-92b9-07a3cedc819d-state.snapshot.after_turn.json;.observability/snapshots/1778141420533-7c180ad4-3b21-4bb7-8ebf-fa4c8a493473-response.json;.observability/snapshots/1778141444563-364bc714-c11c-4872-858d-414493f5fa86-state.snapshot.after_turn.json;.observability/snapshots/1778141732123-8b23ef7f-e8d5-4dbf-926d-1b1ad6a01a55-response.json;.observability/snapshots/1778141763438-8b01ac25-cb81-4580-8a08-790e2e69c967-state.snapshot.after_turn.json;.observability/snapshots/1778141783661-b1b4676b-fef8-48ab-b357-937e925057fd-response.json;.observability/snapshots/1778141829334-a200246c-c10c-427a-a97f-2bc05c131542-state.snapshot.after_turn.json;.observability/snapshots/1778141863697-24cea26f-c067-4dbf-be33-f9a89d373de2-response.json;.observability/snapshots/1778141877395-22750973-9e59-44be-9aae-e8d2fb4bd8e0-state.snapshot.after_turn.json;.observability/snapshots/1778141911341-bd68a9b0-ecdd-485d-a22e-05944f0b2eb3-response.json;.observability/snapshots/1778141970284-e255f5be-0115-4fa4-a8dd-54f9e73b4299-state.snapshot.after_turn.json;.observability/snapshots/1778142022271-ba50e98e-2f1c-4b47-9b8a-f9372093263e-response.json;.observability/snapshots/1778142025463-1889ebc3-7fc2-42f3-8df0-801fd1d76947-state.snapshot.after_turn.json;.observability/snapshots/1778142140382-269eb4e5-f8d1-4ae6-9ece-910f518cdb64-response.json;.observability/snapshots/1778142140500-8f64e9d8-4beb-41c5-abe8-347919deb5cc-state.snapshot.after_turn.json;.observability/snapshots/1778142159410-3fd0c5e8-af18-4ddf-9d3c-3d81d29747ea-response.json;.observability/snapshots/1778142159469-5483d44f-3b09-430c-9b2e-52ad47653254-state.snapshot.after_turn.json;.observability/snapshots/1778142200907-d7f1e8f2-1dde-4b05-9e15-ededd9646755-response.json;.observability/snapshots/1778142202898-391aa0e1-9b74-43af-b971-9b9e0bc718b9-state.snapshot.after_turn.json;.observability/snapshots/1778142222098-03574d38-567d-4d11-a307-9e0c586ad47c-response.json;.observability/snapshots/1778142234138-521986cf-0a59-4ed2-b272-c78a9ea36d35-state.snapshot.after_turn.json;.observability/snapshots/1778142249840-79324011-7a3f-45c0-9bca-6e77b4c6eef7-response.json;.observability/snapshots/1778142252856-4cfac946-4c28-4d52-adbe-0a9d4ffc6905-state.snapshot.after_turn.json;.observability/snapshots/1778142272145-9cbb7ecc-4e66-4a44-b552-7a658a8146f1-response.json;.observability/snapshots/1778142401919-3d63e6e3-fe94-48cd-8132-6a2a6c7b6192-state.snapshot.after_turn.json;.observability/snapshots/1778142640147-91873e28-fb83-422c-b42d-59db61c26d44-response.json;.observability/snapshots/1778142640270-ebd5a272-c7c4-42dc-b463-ae85e54a6563-state.snapshot.after_turn.json;.observability/snapshots/1778142825836-2e6077b6-54dd-4e6f-95de-9cda14adda25-response.json;.observability/snapshots/1778142859930-54fae757-61be-4ac1-85a1-71db68b8640c-state.snapshot.after_turn.json;.observability/snapshots/1778142903399-a16dcbaf-d257-4f41-af3d-4e71843d8a35-response.json;.observability/snapshots/1778142909530-5965bb43-d057-4fc5-ac97-250e26639d3a-state.snapshot.after_turn.json;.observability/snapshots/1778142933386-a10ee5a0-b78e-419a-9470-1fe33815156f-response.json;.observability/snapshots/1778142943121-2d8e9d0d-36f7-4d5c-96dd-c8d07e0c04c2-state.snapshot.after_turn.json;.observability/snapshots/1778143045268-89c49d42-ed7a-4163-bd99-afce07a4c810-response.json;.observability/snapshots/1778143047912-ac64d793-307b-477a-bc9e-66218426a46d-state.snapshot.after_turn.json;.observability/snapshots/1778143209034-a790c149-bdb6-46cc-92cc-45959a93ce7a-response.json;.observability/snapshots/1778143214725-fe918ecd-c85f-410e-81f4-6bc633053ce9-state.snapshot.after_turn.json;.observability/snapshots/1778143276495-81d7f227-c9eb-4a8c-80c0-1f94f566ca54-response.json;.observability/snapshots/1778143294134-f197c22b-ce7c-4fe3-9fbc-8a46cfbf9349-state.snapshot.after_turn.json;.observability/snapshots/1778143389935-f883e85f-6aaf-470b-bc4e-7fe5b5542691-response.json;.observability/snapshots/1778143412985-56c609b5-0cb6-4fee-b9eb-c70877d452ff-state.snapshot.after_turn.json;.observability/snapshots/1778143463936-4ecf8609-5c11-4d6e-a9f6-4509b74df58b-response.json;.observability/snapshots/1778143467407-f5cbcf75-3321-4f12-af5c-6df59dbb0c3e-state.snapshot.after_turn.json;.observability/snapshots/1778143585677-e519e886-9d2f-4519-86f7-fdcb80532517-response.json;.observability/snapshots/1778143617475-3c43b0df-9c14-4b52-bb0b-3c78e8e2f20d-state.snapshot.after_turn.json;.observability/snapshots/1778143665181-8b7b58d7-4bd7-4d85-a298-1f3cff30ad82-response.json;.observability/snapshots/1778143685279-56a66e32-e60f-4d2e-bb33-278aaab45b55-state.snapshot.after_turn.json;.observability/snapshots/1778143834260-45a2ea52-4f36-4c91-b642-c1922247ecda-response.json;.observability/snapshots/1778143836235-d8fd216d-9c1f-46d5-b84b-410a61e2c542-state.snapshot.after_turn.json
img_004.png,media,phase_22,TaskCreate,tool-cd3395448e3b409482c66fa17f2a991f,phase_22,TaskCreate;TaskUpdate;Bash;Read;Write,tool-cd3395448e3b409482c66fa17f2a991f;call_dca1813de10e446eae2e209f;call_90178f01b69047a390d373f1;tool-01e94623eed247dd85a5632e9b7328fe;call_1ead2d7ec9dd4f2c80aac797;call_09f97b981cb6418daac088de;tool-34b6cbd835144e5cbbc403f926f5590a;call_7a6cb697d1ef430ca3811b74;call_ce53e0acda224cf28d3df10a;call_6b847800cd44422d896e4056;call_193e793d6b1347acadacdb82;call_293629a5d1f14fbbbaaa98ef;call_2d369c0e65eb48af8deb4f36;call_5060c96c9ffe4a50a79d0fcb;tool-9a95c458a61a490db42c4290eb978f56;call_f6155f0cd05d4614b22233bd;call_4efcb976d99e4fbfb4235b95;call_355998b25e2d4b92b013c1e6;call_0f4a60813aad43c39702f5f9;call_402a64e1fae04ac7a3d8a599;tool-720b17f5a00540738fcb2c36522a4f2c;call_c9b26af95263458d89161566;call_dde2c435372a409fad8a76f6;call_5228bfa8178f45829acf2b1a;call_5bc7fa38f24843e0bb433495;call_a31824320b004ebd94707064;call_4b2ef3319c474963b6cd5f90;call_788e0b6da1f949ffafbd3777;tool-580b452c5fa149c1ba704048c668615b;call_79817db536d1481e982f9a98,phase_22;phase_24;phase_25;phase_26;phase_27;phase_28;phase_29;phase_30;phase_31;phase_32;phase_33;phase_34,.observability/snapshots/1778140939408-a93f010c-326b-44d2-8729-1ba1e16efbcd-response.json;.observability/snapshots/1778140939465-cb741ecf-ae78-417b-a33d-4255c1b9b84f-state.snapshot.after_turn.json;.observability/snapshots/1778140954964-39a9c1df-8e99-4dd7-89c2-f9909b26af88-response.json;.observability/snapshots/1778140955090-0195298f-7119-4c29-bb01-81e381ffe0a0-state.snapshot.after_turn.json;.observability/snapshots/1778140967418-ff6db9b6-2bde-4e7e-b424-b233f5e05675-response.json;.observability/snapshots/1778141059611-9d1d4a95-b607-433c-9828-50da9861d06b-state.snapshot.after_turn.json;.observability/snapshots/1778141080855-baabc86f-24bb-4f80-aa2f-6d99f9a815b8-response.json;.observability/snapshots/1778141083808-8b960d78-06b2-4b0c-a244-1216c9c9d039-state.snapshot.after_turn.json;.observability/snapshots/1778141109854-d28109a7-4661-478d-bd59-7af8d73c4e47-response.json;.observability/snapshots/1778141127073-3da83e02-27f5-47d1-9cbb-43622946a441-state.snapshot.after_turn.json;.observability/snapshots/1778141155218-04936a94-3c55-4063-ae4f-2fd453729ebc-response.json;.observability/snapshots/1778141354674-7bdcd0e7-f32b-4180-92b9-07a3cedc819d-state.snapshot.after_turn.json;.observability/snapshots/1778141420533-7c180ad4-3b21-4bb7-8ebf-fa4c8a493473-response.json;.observability/snapshots/1778141444563-364bc714-c11c-4872-858d-414493f5fa86-state.snapshot.after_turn.json;.observability/snapshots/1778141732123-8b23ef7f-e8d5-4dbf-926d-1b1ad6a01a55-response.json;.observability/snapshots/1778141763438-8b01ac25-cb81-4580-8a08-790e2e69c967-state.snapshot.after_turn.json;.observability/snapshots/1778141783661-b1b4676b-fef8-48ab-b357-937e925057fd-response.json;.observability/snapshots/1778141829334-a200246c-c10c-427a-a97f-2bc05c131542-state.snapshot.after_turn.json;.observability/snapshots/1778141863697-24cea26f-c067-4dbf-be33-f9a89d373de2-response.json;.observability/snapshots/1778141877395-22750973-9e59-44be-9aae-e8d2fb4bd8e0-state.snapshot.after_turn.json;.observability/snapshots/1778141911341-bd68a9b0-ecdd-485d-a22e-05944f0b2eb3-response.json;.observability/snapshots/1778141970284-e255f5be-0115-4fa4-a8dd-54f9e73b4299-state.snapshot.after_turn.json;.observability/snapshots/1778142022271-ba50e98e-2f1c-4b47-9b8a-f9372093263e-response.json;.observability/snapshots/1778142025463-1889ebc3-7fc2-42f3-8df0-801fd1d76947-state.snapshot.after_turn.json;.observability/snapshots/1778142140382-269eb4e5-f8d1-4ae6-9ece-910f518cdb64-response.json;.observability/snapshots/1778142140500-8f64e9d8-4beb-41c5-abe8-347919deb5cc-state.snapshot.after_turn.json;.observability/snapshots/1778142159410-3fd0c5e8-af18-4ddf-9d3c-3d81d29747ea-response.json;.observability/snapshots/1778142159469-5483d44f-3b09-430c-9b2e-52ad47653254-state.snapshot.after_turn.json;.observability/snapshots/1778142200907-d7f1e8f2-1dde-4b05-9e15-ededd9646755-response.json;.observability/snapshots/1778142202898-391aa0e1-9b74-43af-b971-9b9e0bc718b9-state.snapshot.after_turn.json;.observability/snapshots/1778142222098-03574d38-567d-4d11-a307-9e0c586ad47c-response.json;.observability/snapshots/1778142234138-521986cf-0a59-4ed2-b272-c78a9ea36d35-state.snapshot.after_turn.json;.observability/snapshots/1778142249840-79324011-7a3f-45c0-9bca-6e77b4c6eef7-response.json;.observability/snapshots/1778142252856-4cfac946-4c28-4d52-adbe-0a9d4ffc6905-state.snapshot.after_turn.json;.observability/snapshots/1778142272145-9cbb7ecc-4e66-4a44-b552-7a658a8146f1-response.json;.observability/snapshots/1778142401919-3d63e6e3-fe94-48cd-8132-6a2a6c7b6192-state.snapshot.after_turn.json;.observability/snapshots/1778142640147-91873e28-fb83-422c-b42d-59db61c26d44-response.json;.observability/snapshots/1778142640270-ebd5a272-c7c4-42dc-b463-ae85e54a6563-state.snapshot.after_turn.json;.observability/snapshots/1778142825836-2e6077b6-54dd-4e6f-95de-9cda14adda25-response.json;.observability/snapshots/1778142859930-54fae757-61be-4ac1-85a1-71db68b8640c-state.snapshot.after_turn.json;.observability/snapshots/1778142903399-a16dcbaf-d257-4f41-af3d-4e71843d8a35-response.json;.observability/snapshots/1778142909530-5965bb43-d057-4fc5-ac97-250e26639d3a-state.snapshot.after_turn.json;.observability/snapshots/1778142933386-a10ee5a0-b78e-419a-9470-1fe33815156f-response.json;.observability/snapshots/1778142943121-2d8e9d0d-36f7-4d5c-96dd-c8d07e0c04c2-state.snapshot.after_turn.json;.observability/snapshots/1778143045268-89c49d42-ed7a-4163-bd99-afce07a4c810-response.json;.observability/snapshots/1778143047912-ac64d793-307b-477a-bc9e-66218426a46d-state.snapshot.after_turn.json;.observability/snapshots/1778143209034-a790c149-bdb6-46cc-92cc-45959a93ce7a-response.json;.observability/snapshots/1778143214725-fe918ecd-c85f-410e-81f4-6bc633053ce9-state.snapshot.after_turn.json;.observability/snapshots/1778143276495-81d7f227-c9eb-4a8c-80c0-1f94f566ca54-response.json;.observability/snapshots/1778143294134-f197c22b-ce7c-4fe3-9fbc-8a46cfbf9349-state.snapshot.after_turn.json;.observability/snapshots/1778143389935-f883e85f-6aaf-470b-bc4e-7fe5b5542691-response.json;.observability/snapshots/1778143412985-56c609b5-0cb6-4fee-b9eb-c70877d452ff-state.snapshot.after_turn.json;.observability/snapshots/1778143463936-4ecf8609-5c11-4d6e-a9f6-4509b74df58b-response.json;.observability/snapshots/1778143467407-f5cbcf75-3321-4f12-af5c-6df59dbb0c3e-state.snapshot.after_turn.json;.observability/snapshots/1778143585677-e519e886-9d2f-4519-86f7-fdcb80532517-response.json;.observability/snapshots/1778143617475-3c43b0df-9c14-4b52-bb0b-3c78e8e2f20d-state.snapshot.after_turn.json;.observability/snapshots/1778143665181-8b7b58d7-4bd7-4d85-a298-1f3cff30ad82-response.json;.observability/snapshots/1778143685279-56a66e32-e60f-4d2e-bb33-278aaab45b55-state.snapshot.after_turn.json;.observability/snapshots/1778143834260-45a2ea52-4f36-4c91-b642-c1922247ecda-response.json;.observability/snapshots/1778143836235-d8fd216d-9c1f-46d5-b84b-410a61e2c542-state.snapshot.after_turn.json
img_005.png,media,phase_22,TaskCreate,tool-cd3395448e3b409482c66fa17f2a991f,phase_22,TaskCreate;TaskUpdate;Bash;Read;Write,tool-cd3395448e3b409482c66fa17f2a991f;call_dca1813de10e446eae2e209f;call_90178f01b69047a390d373f1;tool-01e94623eed247dd85a5632e9b7328fe;call_1ead2d7ec9dd4f2c80aac797;call_09f97b981cb6418daac088de;tool-34b6cbd835144e5cbbc403f926f5590a;call_7a6cb697d1ef430ca3811b74;call_ce53e0acda224cf28d3df10a;call_6b847800cd44422d896e4056;call_193e793d6b1347acadacdb82;call_293629a5d1f14fbbbaaa98ef;call_2d369c0e65eb48af8deb4f36;call_5060c96c9ffe4a50a79d0fcb;tool-9a95c458a61a490db42c4290eb978f56;call_f6155f0cd05d4614b22233bd;call_4efcb976d99e4fbfb4235b95;call_355998b25e2d4b92b013c1e6;call_0f4a60813aad43c39702f5f9;call_402a64e1fae04ac7a3d8a599;tool-720b17f5a00540738fcb2c36522a4f2c;call_c9b26af95263458d89161566;call_dde2c435372a409fad8a76f6;call_5228bfa8178f45829acf2b1a;call_5bc7fa38f24843e0bb433495;call_a31824320b004ebd94707064;call_4b2ef3319c474963b6cd5f90;call_788e0b6da1f949ffafbd3777;tool-580b452c5fa149c1ba704048c668615b;call_79817db536d1481e982f9a98,phase_22;phase_24;phase_25;phase_26;phase_27;phase_28;phase_29;phase_30;phase_31;phase_32;phase_33;phase_34,.observability/snapshots/1778140939408-a93f010c-326b-44d2-8729-1ba1e16efbcd-response.json;.observability/snapshots/1778140939465-cb741ecf-ae78-417b-a33d-4255c1b9b84f-state.snapshot.after_turn.json;.observability/snapshots/1778140954964-39a9c1df-8e99-4dd7-89c2-f9909b26af88-response.json;.observability/snapshots/1778140955090-0195298f-7119-4c29-bb01-81e381ffe0a0-state.snapshot.after_turn.json;.observability/snapshots/1778140967418-ff6db9b6-2bde-4e7e-b424-b233f5e05675-response.json;.observability/snapshots/1778141059611-9d1d4a95-b607-433c-9828-50da9861d06b-state.snapshot.after_turn.json;.observability/snapshots/1778141080855-baabc86f-24bb-4f80-aa2f-6d99f9a815b8-response.json;.observability/snapshots/1778141083808-8b960d78-06b2-4b0c-a244-1216c9c9d039-state.snapshot.after_turn.json;.observability/snapshots/1778141109854-d28109a7-4661-478d-bd59-7af8d73c4e47-response.json;.observability/snapshots/1778141127073-3da83e02-27f5-47d1-9cbb-43622946a441-state.snapshot.after_turn.json;.observability/snapshots/1778141155218-04936a94-3c55-4063-ae4f-2fd453729ebc-response.json;.observability/snapshots/1778141354674-7bdcd0e7-f32b-4180-92b9-07a3cedc819d-state.snapshot.after_turn.json;.observability/snapshots/1778141420533-7c180ad4-3b21-4bb7-8ebf-fa4c8a493473-response.json;.observability/snapshots/1778141444563-364bc714-c11c-4872-858d-414493f5fa86-state.snapshot.after_turn.json;.observability/snapshots/1778141732123-8b23ef7f-e8d5-4dbf-926d-1b1ad6a01a55-response.json;.observability/snapshots/1778141763438-8b01ac25-cb81-4580-8a08-790e2e69c967-state.snapshot.after_turn.json;.observability/snapshots/1778141783661-b1b4676b-fef8-48ab-b357-937e925057fd-response.json;.observability/snapshots/1778141829334-a200246c-c10c-427a-a97f-2bc05c131542-state.snapshot.after_turn.json;.observability/snapshots/1778141863697-24cea26f-c067-4dbf-be33-f9a89d373de2-response.json;.observability/snapshots/1778141877395-22750973-9e59-44be-9aae-e8d2fb4bd8e0-state.snapshot.after_turn.json;.observability/snapshots/1778141911341-bd68a9b0-ecdd-485d-a22e-05944f0b2eb3-response.json;.observability/snapshots/1778141970284-e255f5be-0115-4fa4-a8dd-54f9e73b4299-state.snapshot.after_turn.json;.observability/snapshots/1778142022271-ba50e98e-2f1c-4b47-9b8a-f9372093263e-response.json;.observability/snapshots/1778142025463-1889ebc3-7fc2-42f3-8df0-801fd1d76947-state.snapshot.after_turn.json;.observability/snapshots/1778142140382-269eb4e5-f8d1-4ae6-9ece-910f518cdb64-response.json;.observability/snapshots/1778142140500-8f64e9d8-4beb-41c5-abe8-347919deb5cc-state.snapshot.after_turn.json;.observability/snapshots/1778142159410-3fd0c5e8-af18-4ddf-9d3c-3d81d29747ea-response.json;.observability/snapshots/1778142159469-5483d44f-3b09-430c-9b2e-52ad47653254-state.snapshot.after_turn.json;.observability/snapshots/1778142200907-d7f1e8f2-1dde-4b05-9e15-ededd9646755-response.json;.observability/snapshots/1778142202898-391aa0e1-9b74-43af-b971-9b9e0bc718b9-state.snapshot.after_turn.json;.observability/snapshots/1778142222098-03574d38-567d-4d11-a307-9e0c586ad47c-response.json;.observability/snapshots/1778142234138-521986cf-0a59-4ed2-b272-c78a9ea36d35-state.snapshot.after_turn.json;.observability/snapshots/1778142249840-79324011-7a3f-45c0-9bca-6e77b4c6eef7-response.json;.observability/snapshots/1778142252856-4cfac946-4c28-4d52-adbe-0a9d4ffc6905-state.snapshot.after_turn.json;.observability/snapshots/1778142272145-9cbb7ecc-4e66-4a44-b552-7a658a8146f1-response.json;.observability/snapshots/1778142401919-3d63e6e3-fe94-48cd-8132-6a2a6c7b6192-state.snapshot.after_turn.json;.observability/snapshots/1778142640147-91873e28-fb83-422c-b42d-59db61c26d44-response.json;.observability/snapshots/1778142640270-ebd5a272-c7c4-42dc-b463-ae85e54a6563-state.snapshot.after_turn.json;.observability/snapshots/1778142825836-2e6077b6-54dd-4e6f-95de-9cda14adda25-response.json;.observability/snapshots/1778142859930-54fae757-61be-4ac1-85a1-71db68b8640c-state.snapshot.after_turn.json;.observability/snapshots/1778142903399-a16dcbaf-d257-4f41-af3d-4e71843d8a35-response.json;.observability/snapshots/1778142909530-5965bb43-d057-4fc5-ac97-250e26639d3a-state.snapshot.after_turn.json;.observability/snapshots/1778142933386-a10ee5a0-b78e-419a-9470-1fe33815156f-response.json;.observability/snapshots/1778142943121-2d8e9d0d-36f7-4d5c-96dd-c8d07e0c04c2-state.snapshot.after_turn.json;.observability/snapshots/1778143045268-89c49d42-ed7a-4163-bd99-afce07a4c810-response.json;.observability/snapshots/1778143047912-ac64d793-307b-477a-bc9e-66218426a46d-state.snapshot.after_turn.json;.observability/snapshots/1778143209034-a790c149-bdb6-46cc-92cc-45959a93ce7a-response.json;.observability/snapshots/1778143214725-fe918ecd-c85f-410e-81f4-6bc633053ce9-state.snapshot.after_turn.json;.observability/snapshots/1778143276495-81d7f227-c9eb-4a8c-80c0-1f94f566ca54-response.json;.observability/snapshots/1778143294134-f197c22b-ce7c-4fe3-9fbc-8a46cfbf9349-state.snapshot.after_turn.json;.observability/snapshots/1778143389935-f883e85f-6aaf-470b-bc4e-7fe5b5542691-response.json;.observability/snapshots/1778143412985-56c609b5-0cb6-4fee-b9eb-c70877d452ff-state.snapshot.after_turn.json;.observability/snapshots/1778143463936-4ecf8609-5c11-4d6e-a9f6-4509b74df58b-response.json;.observability/snapshots/1778143467407-f5cbcf75-3321-4f12-af5c-6df59dbb0c3e-state.snapshot.after_turn.json;.observability/snapshots/1778143585677-e519e886-9d2f-4519-86f7-fdcb80532517-response.json;.observability/snapshots/1778143617475-3c43b0df-9c14-4b52-bb0b-3c78e8e2f20d-state.snapshot.after_turn.json;.observability/snapshots/1778143665181-8b7b58d7-4bd7-4d85-a298-1f3cff30ad82-response.json;.observability/snapshots/1778143685279-56a66e32-e60f-4d2e-bb33-278aaab45b55-state.snapshot.after_turn.json;.observability/snapshots/1778143834260-45a2ea52-4f36-4c91-b642-c1922247ecda-response.json;.observability/snapshots/1778143836235-d8fd216d-9c1f-46d5-b84b-410a61e2c542-state.snapshot.after_turn.json
img_006.png,media,phase_22,TaskCreate,tool-cd3395448e3b409482c66fa17f2a991f,phase_22,TaskCreate;TaskUpdate;Bash;Read;Write,tool-cd3395448e3b409482c66fa17f2a991f;call_dca1813de10e446eae2e209f;call_90178f01b69047a390d373f1;tool-01e94623eed247dd85a5632e9b7328fe;call_1ead2d7ec9dd4f2c80aac797;call_09f97b981cb6418daac088de;tool-34b6cbd835144e5cbbc403f926f5590a;call_7a6cb697d1ef430ca3811b74;call_ce53e0acda224cf28d3df10a;call_6b847800cd44422d896e4056;call_193e793d6b1347acadacdb82;call_293629a5d1f14fbbbaaa98ef;call_2d369c0e65eb48af8deb4f36;call_5060c96c9ffe4a50a79d0fcb;tool-9a95c458a61a490db42c4290eb978f56;call_f6155f0cd05d4614b22233bd;call_4efcb976d99e4fbfb4235b95;call_355998b25e2d4b92b013c1e6;call_0f4a60813aad43c39702f5f9;call_402a64e1fae04ac7a3d8a599;tool-720b17f5a00540738fcb2c36522a4f2c;call_c9b26af95263458d89161566;call_dde2c435372a409fad8a76f6;call_5228bfa8178f45829acf2b1a;call_5bc7fa38f24843e0bb433495;call_a31824320b004ebd94707064;call_4b2ef3319c474963b6cd5f90;call_788e0b6da1f949ffafbd3777;tool-580b452c5fa149c1ba704048c668615b;call_79817db536d1481e982f9a98,phase_22;phase_24;phase_25;phase_26;phase_27;phase_28;phase_29;phase_30;phase_31;phase_32;phase_33;phase_34,.observability/snapshots/1778140939408-a93f010c-326b-44d2-8729-1ba1e16efbcd-response.json;.observability/snapshots/1778140939465-cb741ecf-ae78-417b-a33d-4255c1b9b84f-state.snapshot.after_turn.json;.observability/snapshots/1778140954964-39a9c1df-8e99-4dd7-89c2-f9909b26af88-response.json;.observability/snapshots/1778140955090-0195298f-7119-4c29-bb01-81e381ffe0a0-state.snapshot.after_turn.json;.observability/snapshots/1778140967418-ff6db9b6-2bde-4e7e-b424-b233f5e05675-response.json;.observability/snapshots/1778141059611-9d1d4a95-b607-433c-9828-50da9861d06b-state.snapshot.after_turn.json;.observability/snapshots/1778141080855-baabc86f-24bb-4f80-aa2f-6d99f9a815b8-response.json;.observability/snapshots/1778141083808-8b960d78-06b2-4b0c-a244-1216c9c9d039-state.snapshot.after_turn.json;.observability/snapshots/1778141109854-d28109a7-4661-478d-bd59-7af8d73c4e47-response.json;.observability/snapshots/1778141127073-3da83e02-27f5-47d1-9cbb-43622946a441-state.snapshot.after_turn.json;.observability/snapshots/1778141155218-04936a94-3c55-4063-ae4f-2fd453729ebc-response.json;.observability/snapshots/1778141354674-7bdcd0e7-f32b-4180-92b9-07a3cedc819d-state.snapshot.after_turn.json;.observability/snapshots/1778141420533-7c180ad4-3b21-4bb7-8ebf-fa4c8a493473-response.json;.observability/snapshots/1778141444563-364bc714-c11c-4872-858d-414493f5fa86-state.snapshot.after_turn.json;.observability/snapshots/1778141732123-8b23ef7f-e8d5-4dbf-926d-1b1ad6a01a55-response.json;.observability/snapshots/1778141763438-8b01ac25-cb81-4580-8a08-790e2e69c967-state.snapshot.after_turn.json;.observability/snapshots/1778141783661-b1b4676b-fef8-48ab-b357-937e925057fd-response.json;.observability/snapshots/1778141829334-a200246c-c10c-427a-a97f-2bc05c131542-state.snapshot.after_turn.json;.observability/snapshots/1778141863697-24cea26f-c067-4dbf-be33-f9a89d373de2-response.json;.observability/snapshots/1778141877395-22750973-9e59-44be-9aae-e8d2fb4bd8e0-state.snapshot.after_turn.json;.observability/snapshots/1778141911341-bd68a9b0-ecdd-485d-a22e-05944f0b2eb3-response.json;.observability/snapshots/1778141970284-e255f5be-0115-4fa4-a8dd-54f9e73b4299-state.snapshot.after_turn.json;.observability/snapshots/1778142022271-ba50e98e-2f1c-4b47-9b8a-f9372093263e-response.json;.observability/snapshots/1778142025463-1889ebc3-7fc2-42f3-8df0-801fd1d76947-state.snapshot.after_turn.json;.observability/snapshots/1778142140382-269eb4e5-f8d1-4ae6-9ece-910f518cdb64-response.json;.observability/snapshots/1778142140500-8f64e9d8-4beb-41c5-abe8-347919deb5cc-state.snapshot.after_turn.json;.observability/snapshots/1778142159410-3fd0c5e8-af18-4ddf-9d3c-3d81d29747ea-response.json;.observability/snapshots/1778142159469-5483d44f-3b09-430c-9b2e-52ad47653254-state.snapshot.after_turn.json;.observability/snapshots/1778142200907-d7f1e8f2-1dde-4b05-9e15-ededd9646755-response.json;.observability/snapshots/1778142202898-391aa0e1-9b74-43af-b971-9b9e0bc718b9-state.snapshot.after_turn.json;.observability/snapshots/1778142222098-03574d38-567d-4d11-a307-9e0c586ad47c-response.json;.observability/snapshots/1778142234138-521986cf-0a59-4ed2-b272-c78a9ea36d35-state.snapshot.after_turn.json;.observability/snapshots/1778142249840-79324011-7a3f-45c0-9bca-6e77b4c6eef7-response.json;.observability/snapshots/1778142252856-4cfac946-4c28-4d52-adbe-0a9d4ffc6905-state.snapshot.after_turn.json;.observability/snapshots/1778142272145-9cbb7ecc-4e66-4a44-b552-7a658a8146f1-response.json;.observability/snapshots/1778142401919-3d63e6e3-fe94-48cd-8132-6a2a6c7b6192-state.snapshot.after_turn.json;.observability/snapshots/1778142640147-91873e28-fb83-422c-b42d-59db61c26d44-response.json;.observability/snapshots/1778142640270-ebd5a272-c7c4-42dc-b463-ae85e54a6563-state.snapshot.after_turn.json;.observability/snapshots/1778142825836-2e6077b6-54dd-4e6f-95de-9cda14adda25-response.json;.observability/snapshots/1778142859930-54fae757-61be-4ac1-85a1-71db68b8640c-state.snapshot.after_turn.json;.observability/snapshots/1778142903399-a16dcbaf-d257-4f41-af3d-4e71843d8a35-response.json;.observability/snapshots/1778142909530-5965bb43-d057-4fc5-ac97-250e26639d3a-state.snapshot.after_turn.json;.observability/snapshots/1778142933386-a10ee5a0-b78e-419a-9470-1fe33815156f-response.json;.observability/snapshots/1778142943121-2d8e9d0d-36f7-4d5c-96dd-c8d07e0c04c2-state.snapshot.after_turn.json;.observability/snapshots/1778143045268-89c49d42-ed7a-4163-bd99-afce07a4c810-response.json;.observability/snapshots/1778143047912-ac64d793-307b-477a-bc9e-66218426a46d-state.snapshot.after_turn.json;.observability/snapshots/1778143209034-a790c149-bdb6-46cc-92cc-45959a93ce7a-response.json;.observability/snapshots/1778143214725-fe918ecd-c85f-410e-81f4-6bc633053ce9-state.snapshot.after_turn.json;.observability/snapshots/1778143276495-81d7f227-c9eb-4a8c-80c0-1f94f566ca54-response.json;.observability/snapshots/1778143294134-f197c22b-ce7c-4fe3-9fbc-8a46cfbf9349-state.snapshot.after_turn.json;.observability/snapshots/1778143389935-f883e85f-6aaf-470b-bc4e-7fe5b5542691-response.json;.observability/snapshots/1778143412985-56c609b5-0cb6-4fee-b9eb-c70877d452ff-state.snapshot.after_turn.json;.observability/snapshots/1778143463936-4ecf8609-5c11-4d6e-a9f6-4509b74df58b-response.json;.observability/snapshots/1778143467407-f5cbcf75-3321-4f12-af5c-6df59dbb0c3e-state.snapshot.after_turn.json;.observability/snapshots/1778143585677-e519e886-9d2f-4519-86f7-fdcb80532517-response.json;.observability/snapshots/1778143617475-3c43b0df-9c14-4b52-bb0b-3c78e8e2f20d-state.snapshot.after_turn.json;.observability/snapshots/1778143665181-8b7b58d7-4bd7-4d85-a298-1f3cff30ad82-response.json;.observability/snapshots/1778143685279-56a66e32-e60f-4d2e-bb33-278aaab45b55-state.snapshot.after_turn.json;.observability/snapshots/1778143834260-45a2ea52-4f36-4c91-b642-c1922247ecda-response.json;.observability/snapshots/1778143836235-d8fd216d-9c1f-46d5-b84b-410a61e2c542-state.snapshot.after_turn.json